Title,Company,Location,Job_type,Job_url,Salary,Work Location,Date Posted,Current Date,Job_id
Finance Analyst - (Accounting),Nesco Resource,"Battle Creek, MI (Onsite)",Contractor,https://www.careerbuilder.com/job/J3W68470SNC0LP25X0Y,$30.00/Hour,On-site,2024-02-02,2024-02-02,J3W68470SNC0LP25X0Y
HR Data Analyst - (Biotech/Biomedical),Nesco Resource,"Boston, MA (Onsite)",Contractor,https://www.careerbuilder.com/job/J3Q4955X4747FXZ6B4S,$60.00 - $62.00/Hour,On-site,2024-02-02,2024-02-02,J3Q4955X4747FXZ6B4S
Hybrid Senior Planning Analyst,Nesco Resource,"Atlanta, GA (Hybrid)",Contractor,https://www.careerbuilder.com/job/J3W5M76MNX940ZNW2M5,$37.86 - $42.07/Hour,Hybrid,2024-02-02,2024-02-02,J3W5M76MNX940ZNW2M5
ITD Analyst,Kforce Technology,"Baltimore, MD (Onsite)",Contractor,https://www.careerbuilder.com/job/J3P84L6W00CY3W1S8HK,$34.00 - $46.00/Hour,On-site,2024-02-02,2024-02-02,J3P84L6W00CY3W1S8HK
BI Analyst,Kforce Technology,"Miami, FL (Hybrid)",Contractor,https://www.careerbuilder.com/job/J3V2D76P52S4R2X1QR6,$30.00 - $42.00/Hour,Hybrid,2024-02-02,2024-02-02,J3V2D76P52S4R2X1QR6
Business Analyst,Kforce Technology,"Irving, TX (Hybrid)",Contractor,https://www.careerbuilder.com/job/J3S1FJ6X63WMBGF9HBY,$39.00 - $41.00/Hour,Hybrid,2024-02-02,2024-02-02,J3S1FJ6X63WMBGF9HBY
Index Pricing Analyst,Kforce Finance and Accounting,"Newark, DE (Hybrid)",Contractor,https://www.careerbuilder.com/job/J3S6PK6SHJK9ZBW8R43,$25.00 - $28.00/Hour,Hybrid,2024-02-02,2024-02-02,J3S6PK6SHJK9ZBW8R43
Senior Financial Analyst,Kforce Finance and Accounting,"Tampa, FL (Hybrid)",Contractor,https://www.careerbuilder.com/job/J3T3QG675QVPSZ887L4,$30.00 - $45.00/Hour,Hybrid,2024-02-02,2024-02-02,J3T3QG675QVPSZ887L4
Remote L&D Support Analyst,Kforce Finance and Accounting,"Work From Home, FL (Remote)",Contractor,https://www.careerbuilder.com/job/J3N84T6FYMR059QVDLY,$30.00 - $34.00/Hour,Remote,2024-02-02,2024-02-02,J3N84T6FYMR059QVDLY
Marketing Lead Analyst,"Integrated Resources, Inc",USA (Remote),Contractor,https://www.careerbuilder.com/job/J2Y4K273JC96TKBX7L9,,Remote,2024-02-02,2024-02-02,J2Y4K273JC96TKBX7L9
Help Desk Analyst I,"Integrated Resources, Inc","Topeka, KS (Hybrid)",Contractor,https://www.careerbuilder.com/job/J313756F9714WN8NLP8,,Hybrid,2024-01-31,2024-02-02,J313756F9714WN8NLP8
Inventory Analyst I,"Integrated Resources, Inc","Dubuque, IA (Onsite)",Contractor,https://www.careerbuilder.com/job/JDD0Q5722G15FPZK6GF,,On-site,2024-01-26,2024-02-02,JDD0Q5722G15FPZK6GF
UTHSCH-Enterprise Resource Planning (ERP) Senior Systems Analyst for PeopleSoft,Icon VendorPass and Affiliates,"Houston, TX (Onsite)",Contractor,https://www.careerbuilder.com/job/J3Q44X6KQ19Y3589NPM,$55.00 - $60.57/Hour,On-site,2024-02-02,2024-02-02,J3Q44X6KQ19Y3589NPM
Compliance Analyst I,Icon VendorPass and Affiliates,"Houston, TX (Onsite)",Contractor,https://www.careerbuilder.com/job/J3Q36K5WGNJHJYXYQM1,$32.50 - $34.50/Hour,On-site,2024-01-23,2024-02-02,J3Q36K5WGNJHJYXYQM1
Aircraft Records Analyst,"Software Galaxy Systems, LLC",Fort Worth TX (Onsite),Contractor,https://www.careerbuilder.com/job/J2W5N872DK06GXZ8NCW,$19.00 - $20.00/Hour,On-site,2024-02-02,2024-02-02,J2W5N872DK06GXZ8NCW
Aircraft Records Analyst,"Software Galaxy Systems, LLC",Fort Worth TX (Onsite),Contractor,https://www.careerbuilder.com/job/J3P5X76WLWVT332441X,$19.00 - $20.00/Hour,On-site,2024-02-02,2024-02-02,J3P5X76WLWVT332441X
QA Analyst III,Innova Solutions,"Bothell, WA (Onsite)",Contractor,https://www.careerbuilder.com/job/J3Q25T6K6QL9XL008J6,$40.00 - $50.00/Hour,On-site,2024-02-02,2024-02-02,J3Q25T6K6QL9XL008J6
Network Optimization Engineer with Top Secret Poly Clearance,Innova Solutions,"Chantilly, VA (Remote)",Contractor,https://www.careerbuilder.com/job/J3W3CD6LLG0XG704PX6,$70.00 - $77.00/Hour,Remote,2024-02-02,2024-02-02,J3W3CD6LLG0XG704PX6
Bioanalytical Scientist,Innova Solutions,"Warren, NJ (Onsite)",Contractor,https://www.careerbuilder.com/job/J3M2WP70XQ5R3RB4854,$35.00 - $37.99/Hour,On-site,2024-02-01,2024-02-02,J3M2WP70XQ5R3RB4854
Application Programmer,Genesis10,"New York, NY (Onsite)",Contractor,https://www.careerbuilder.com/job/J3M8HS6MD6XK2BX7GSC,,On-site,2024-02-02,2024-02-02,J3M8HS6MD6XK2BX7GSC
Data Platform Engineer,Genesis10,"Warren, NJ (Onsite)",Contractor,https://www.careerbuilder.com/job/J3P7ZB6TT6GX9CXC329,,On-site,2024-01-29,2024-02-02,J3P7ZB6TT6GX9CXC329
Analytics Product Owner,Genesis10,"New York, NY (Onsite)",Contractor,https://www.careerbuilder.com/job/J3S3NQ6B995ZVWVKMDB,,On-site,2024-01-27,2024-02-02,J3S3NQ6B995ZVWVKMDB
Financial Analyst - Contract,Jobot,"Houston, TX (Onsite)",Contractor,https://www.careerbuilder.com/job/J3P78X73XLG5DM3G6GD,$35.00 - $65.00/Hour,On-site,2024-02-02,2024-02-02,J3P78X73XLG5DM3G6GD
"Financial Analyst, Contractor",Jobot,"Work From Home, CA (Remote)",Contractor,https://www.careerbuilder.com/job/J3S00H6X2GBLK46GHDF,$40.00 - $45.00/Hour,Remote,2024-02-02,2024-02-02,J3S00H6X2GBLK46GHDF
Business Analyst 29623,Solving IT,"Richardson, TX (Onsite)",Contractor,https://www.careerbuilder.com/job/J3T65B6YWM7WGJCZM5H,,On-site,2024-02-02,2024-02-02,J3T65B6YWM7WGJCZM5H
Remote Power BI Analyst (Google Analytics Exp) 29506,Solving IT,USA (Remote),Contractor,https://www.careerbuilder.com/job/J3W4RQ60711M47WVVYX,,Remote,2024-01-30,2024-02-02,J3W4RQ60711M47WVVYX
Onsite Privacy Analyst 29617,Solving IT,"Chicago, IL (Onsite)",Contractor,https://www.careerbuilder.com/job/J3W7PN773QMDY6HHPV9,,On-site,2024-01-26,2024-02-02,J3W7PN773QMDY6HHPV9
Business Analyst,TALENT Software Services,"Columbia, SC (Onsite)",Contractor,https://www.careerbuilder.com/job/J3T5X9785MFG8NKHZZG,$50.00 - $56.00/Hour,On-site,2024-02-01,2024-02-02,J3T5X9785MFG8NKHZZG
Quality Assurance Analyst,TALENT Software Services,"Saint Paul, MN (Onsite)",Contractor,https://www.careerbuilder.com/job/J3S70Q626F8F1P1TJ7T,$55.00 - $60.00/Hour,On-site,2024-01-25,2024-02-02,J3S70Q626F8F1P1TJ7T
Quality Assurance Analyst,TALENT Software Services,"Saint Paul, MN (Onsite)",Contractor,https://www.careerbuilder.com/job/J3S1GL761NV5D1PJ0S8,$60.00 - $65.00/Hour,On-site,2024-01-13,2024-02-02,J3S1GL761NV5D1PJ0S8
Learning & Development Analyst,Stefanini,"Atlanta, GA (Onsite)",Contractor,https://www.careerbuilder.com/job/J3V2ST6V0R6YYF71BGW,$38.00 - $44.00/Hour,On-site,2024-02-01,2024-02-02,J3V2ST6V0R6YYF71BGW
Learning & Development Data Analyst,Stefanini,"Atlanta, GA (Onsite)",Contractor,https://www.careerbuilder.com/job/J3M08L5YBNHCT3RSFG8,$32.00 - $36.00/Hour,On-site,2024-01-31,2024-02-02,J3M08L5YBNHCT3RSFG8
Learning & Development Analyst,Stefanini,"Atlanta, GA (Onsite)",Contractor,https://www.careerbuilder.com/job/J3M6R06BF0DC47LS5HR,$38.00 - $44.00/Hour,On-site,2024-01-31,2024-02-02,J3M6R06BF0DC47LS5HR
Senior Compensation Analyst,Lancesoft Inc.,"Moraine, OH (Hybrid)",Contractor,https://www.careerbuilder.com/job/JD775J5XX13J74SR194,$25.00 - $29.00/Hour,Hybrid,2024-02-01,2024-02-02,JD775J5XX13J74SR194
"Hybrid Contract Role | Help Desk Analyst in Topeka, KS",Lancesoft Inc.,"Kansas City, MO (Hybrid)",Contractor,https://www.careerbuilder.com/job/J3V82P622JGQGWXQ1YN,,Hybrid,2024-01-30,2024-02-02,J3V82P622JGQGWXQ1YN
Contract data validation analyst,Lancesoft Inc.,"Houston, TX (Onsite)",Contractor,https://www.careerbuilder.com/job/J3Q6QB5VYZHZL5HPMKQ,,On-site,2024-01-24,2024-02-02,J3Q6QB5VYZHZL5HPMKQ
Michael Page- Data Analyst/Finance Applications Support,Michael Page,"New York, New York, NY (Onsite)",Contractor,https://www.careerbuilder.com/job/J3V5K26261CZKBZ19HZ,$35.00 - $50.00/Hour,On-site,2024-01-31,2024-02-02,J3V5K26261CZKBZ19HZ
Michael Page - Product Analyst,Michael Page,"New York, New York, NY (Onsite)",Contractor,https://www.careerbuilder.com/job/J3W71J6VBQNM2YWFY2W,$50.00 - $56.00/Hour,On-site,2024-01-29,2024-02-02,J3W71J6VBQNM2YWFY2W
Contingent Workforce Management Business Analyst (MSP),Michael Page,"New York, NY (Remote)",Contractor,https://www.careerbuilder.com/job/J3S23S6PS1JNSM5F2BN,$45.00 - $60.00/Hour,Remote,2024-01-23,2024-02-02,J3S23S6PS1JNSM5F2BN
Business Analyst/Scrum Master,APN Healthcare Solutions,"Livingston, NJ (Onsite)",Contractor,https://www.careerbuilder.com/job/J3T4MC6LY4W5BN6ZM3P,,On-site,2024-01-31,2024-02-02,J3T4MC6LY4W5BN6ZM3P
Sr. Software Engineer,APN Healthcare Solutions,"San Francisco, CA (Onsite)",Contractor,https://www.careerbuilder.com/job/J3V0KB6RZ65DY50H1RW,,On-site,2024-02-01,2024-02-02,J3V0KB6RZ65DY50H1RW
Business Data Analyst/Scrum Master,APN Healthcare Solutions,"New Jersey, US (Onsite)",Contractor,https://www.careerbuilder.com/job/J3Q6CP75BVRT0887FC6,,On-site,2024-01-31,2024-02-02,J3Q6CP75BVRT0887FC6
Business Analyst - B,"TalentBurst, Inc.","Des Plaines, IL (Onsite)",Contractor,https://www.careerbuilder.com/job/J3R0CG6FT020J36P0K8,$25.00 - $28.00/Hour,On-site,2024-01-30,2024-02-02,J3R0CG6FT020J36P0K8
Business Analyst,"TalentBurst, Inc.","Montgomery, AL (Onsite)",Contractor,https://www.careerbuilder.com/job/J3P7W75VN7RX7KPSR18,$55.74 - $57.00/Hour,On-site,2024-01-29,2024-02-02,J3P7W75VN7RX7KPSR18
Data Analyst II,"TalentBurst, Inc.","Philadelphia, PA (Onsite)",Contractor,https://www.careerbuilder.com/job/J3R0K46TH26YNPC365B,$37.00 - $40.00/Hour,On-site,2024-01-26,2024-02-02,J3R0K46TH26YNPC365B
"IT - Application Analyst, Senior",Sunrise System Inc,"Vacaville, CA (Onsite)",Contractor,https://www.careerbuilder.com/job/JDD64T6QVT89721QJRN,,On-site,2024-01-30,2024-02-02,JDD64T6QVT89721QJRN
Business Systems Analyst III,Sunrise System Inc,USA (Remote),Contractor,https://www.careerbuilder.com/job/J303QG60C4L365J2N1S,,Remote,2024-01-12,2024-02-02,J303QG60C4L365J2N1S
Service Desk Analyst - Day Shift,TEKsystems,"New York, NY (Onsite)",Contractor,https://www.careerbuilder.com/job/J3R4QJ72S4HGVDHQBNG,,On-site,2024-01-23,2024-02-02,J3R4QJ72S4HGVDHQBNG
Lead Business Systems Analyst,TEKsystems,"Mechanicsville, VA (Onsite)",Contractor,https://www.careerbuilder.com/job/J3V0H075SPH8DZ47Q1V,,On-site,2024-01-23,2024-02-02,J3V0H075SPH8DZ47Q1V
Software Configuration Analyst,Kforce Technology,"Buffalo, NY (Onsite)",Contractor,https://www.careerbuilder.com/job/J3V5S867R7L0PRWQ5K7,$43.00 - $58.00/Hour,On-site,2024-02-02,2024-02-02,J3V5S867R7L0PRWQ5K7
Financial Analyst,JobsRUs.com,"Columbus, IN (Onsite)",Contractor,https://www.careerbuilder.com/job/J3S8DG6QNSJ7MB1TT0T,,On-site,2024-02-02,2024-02-02,J3S8DG6QNSJ7MB1TT0T
Payroll Systems Analyst,JobsRUs.com,"Brentwood, TN (Onsite)",Contractor,https://www.careerbuilder.com/job/J3V1KP72S176M5HHR3Z,,On-site,2024-01-31,2024-02-02,J3V1KP72S176M5HHR3Z
Trade Compliance Risk Analyst,Icon VendorPass and Affiliates,"Houston, TX (Onsite)",Contractor,https://www.careerbuilder.com/job/J3N6Z96HVQZ554RJKNR,$0.00 - $30.76/Hour,On-site,2024-01-23,2024-02-02,J3N6Z96HVQZ554RJKNR
Customs Analyst,CMJobPoster,"Chicago, IL (Onsite)",Contractor,https://www.careerbuilder.com/job/J305ZQ6VG676XPS98LS,$29.36 - $31.45/Hour,On-site,2024-02-02,2024-02-02,J305ZQ6VG676XPS98LS
Customs Analyst,CMJobPoster,"Chicago, IL (Onsite)",Contractor,https://www.careerbuilder.com/job/J3V13J6G491SXN8V3WS,$29.36 - $31.45/Hour,On-site,2024-02-02,2024-02-02,J3V13J6G491SXN8V3WS
Accountant,Volt,"Springfield, MI (Onsite)",Contractor,https://www.careerbuilder.com/job/J3V2R86GCNMTDH0MC92,$29.00 - $30.00/Hour,On-site,2024-02-02,2024-02-02,J3V2R86GCNMTDH0MC92
Instructional Designer,Volt,"Oak Brook, IL (Onsite)",Contractor,https://www.careerbuilder.com/job/J3S03T62ZSF8DT6PGZ0,$47.00 - $53.00/Hour,On-site,2024-01-31,2024-02-02,J3S03T62ZSF8DT6PGZ0
Material Handler,Volt,"Loudon, TN (Onsite)",Contractor,https://www.careerbuilder.com/job/JDD6RY6SC8LW6DG9MB8,$15.00 - $16.50/Hour,On-site,2024-01-30,2024-02-02,JDD6RY6SC8LW6DG9MB8
ServiceNow Developer,Innova Solutions,"Manassas, VA (Onsite)",Contractor,https://www.careerbuilder.com/job/J3T3TY6T5FYLVZWV4NX,$65.00 - $75.00/Hour,On-site,2024-02-02,2024-02-02,J3T3TY6T5FYLVZWV4NX
PC Technician,ICONMA,"Pittsburgh, PA (Onsite)",Contractor,https://www.careerbuilder.com/job/JCM4T96QDC6W10BJK30,,On-site,2024-02-02,2024-02-02,JCM4T96QDC6W10BJK30
Senior Business Analyst,ICONMA,"Jersey City, NJ (Onsite)",Contractor,https://www.careerbuilder.com/job/JD6117663PJ83GRSRZT,,On-site,2024-01-10,2024-02-02,JD6117663PJ83GRSRZT
Controller Analyst IV,ICONMA,"Oak Creek, WI (Onsite)",Contractor,https://www.careerbuilder.com/job/J337KR676FSVSY97C26,,On-site,2024-01-09,2024-02-02,J337KR676FSVSY97C26
Underwriter / Affordable Housing Analyst,Yoh,"Irving, TX (Onsite)",Contractor,https://www.careerbuilder.com/job/J3W8BC6BZ0YZMKJCM1X,$35.00 - $40.00/Hour,On-site,2024-02-02,2024-02-02,J3W8BC6BZ0YZMKJCM1X
Senior Systems Analyst with SQL - investor support - RTH,Yoh,"Boston, MA (Onsite)",Contractor,https://www.careerbuilder.com/job/J3S85X6GKL9J2XJ9158,$55.00 - $70.00/Hour,On-site,2024-01-25,2024-02-02,J3S85X6GKL9J2XJ9158
Power BI Developer,Yoh,"Culver City, CA (Onsite)",Contractor,https://www.careerbuilder.com/job/J3R5BK72HH4JQRVXP2C,$0.00 - $65.00/Hour,On-site,2024-01-19,2024-02-02,J3R5BK72HH4JQRVXP2C
Desktop Support Analyst,"Beacon Hill Staffing Group, LLC","Columbus, OH (Onsite)",Contractor,https://www.careerbuilder.com/job/J3T7R86M2122P4XRWSW,,On-site,2024-02-01,2024-02-02,J3T7R86M2122P4XRWSW
Analyst Assistant,"Beacon Hill Staffing Group, LLC","Boston, MA (Onsite)",Contractor,https://www.careerbuilder.com/job/J3P012789920FN13SRF,,On-site,2024-01-27,2024-02-02,J3P012789920FN13SRF
Software Assessment Analyst/Project Coordinator,"Beacon Hill Staffing Group, LLC","Indianapolis, IN (Onsite)",Contractor,https://www.careerbuilder.com/job/J3R3L5788HHKDW563NW,,On-site,2024-01-26,2024-02-02,J3R3L5788HHKDW563NW
Systems Specialist/ Software Developer III,VC5 Consulting,"Houston, TX (Onsite)",Contractor,https://www.careerbuilder.com/job/J3Q5R85XCJ118R7R409,,On-site,2024-02-01,2024-02-02,J3Q5R85XCJ118R7R409
Mid Level Business Analyst,VC5 Consulting,"New York, NY (Onsite)",Contractor,https://www.careerbuilder.com/job/J3M2NV6JZJVVPRV03CN,,On-site,2024-01-11,2024-02-02,J3M2NV6JZJVVPRV03CN
Commodity Risk Analyst II,Icon Information Consultants,"Houston, TX (Onsite)",Contractor,https://www.careerbuilder.com/job/J3T5FL6NPSFFDRYB28X,$60.00 - $68.95/Hour,On-site,2024-02-01,2024-02-02,J3T5FL6NPSFFDRYB28X
Senior Credit Research Analyst,Icon Information Consultants,"Houston, TX (Onsite)",Contractor,https://www.careerbuilder.com/job/J3T85V6CWZDNYCPFFS6,$68.00 - $79.21/Hour,On-site,2024-01-25,2024-02-02,J3T85V6CWZDNYCPFFS6
Accounts Payable Analyst I,Icon Information Consultants,"Louisville, KY (Onsite)",Contractor,https://www.careerbuilder.com/job/J3S18W6Z1W6V2TGB5RL,$14.50 - $16.05/Hour,On-site,2024-01-19,2024-02-02,J3S18W6Z1W6V2TGB5RL
IT Project Manager,Lancesoft Inc.,"Lexington, MA (Hybrid)",Contractor,https://www.careerbuilder.com/job/JD70TF6GNFQPHMPZSH7,"$106,608 - $142,206/Year",Hybrid,2024-01-16,2024-02-02,JD70TF6GNFQPHMPZSH7
"Analyst, IT Field Service",Rose International,"Maryville, TN (Onsite)",Contractor,https://www.careerbuilder.com/job/J333NX6GC0Q6LP2RQ62,$25.00 - $25.49/Hour,On-site,2024-02-01,2024-02-02,J333NX6GC0Q6LP2RQ62
Logistics Analyst,Rose International,"Chesterfield, MO (Hybrid)",Contractor,https://www.careerbuilder.com/job/J2Y74M6PT8GPYBQHWNT,$22.00 - $26.00/Hour,Hybrid,2024-01-30,2024-02-02,J2Y74M6PT8GPYBQHWNT
Data Quality Analyst,Rose International,"Tampa, FL (Onsite)",Contractor,https://www.careerbuilder.com/job/J2S1JL6R8WZZ409MGGH,$75.00 - $80.00/Hour,On-site,2024-01-25,2024-02-02,J2S1JL6R8WZZ409MGGH
Business Analyst,ConsultNet,"Jackson, MS (Onsite)",Contractor,https://www.careerbuilder.com/job/J3S4RM6285L8C78D838,$30.00 - $40.00/Hour,On-site,2024-01-31,2024-02-02,J3S4RM6285L8C78D838
Business Analyst,ConsultNet,"Phoenix, AZ (Onsite)",Contractor,https://www.careerbuilder.com/job/J3Q4CT6KTFY0M01HNPR,$40.00 - $55.00/Hour,On-site,2024-01-25,2024-02-02,J3Q4CT6KTFY0M01HNPR
Digital IT Analyst,ConsultNet,"Akron, OH (Onsite)",Contractor,https://www.careerbuilder.com/job/J3M86V79NYGHFP6GNCH,$35.00 - $40.00/Hour,On-site,2024-01-17,2024-02-02,J3M86V79NYGHFP6GNCH
Helpdesk Support Technician,TEKsystems,"Dallas, TX (Onsite)",Contractor,https://www.careerbuilder.com/job/J3V4K06B85L4N3FP82W,,On-site,2024-01-24,2024-02-02,J3V4K06B85L4N3FP82W
IT Business Analyst,Nesco Resource,"Neenah, WI (Onsite)",Contractor,https://www.careerbuilder.com/job/J3M65762NC69H0C4VBJ,$50.00 - $60.00/Hour,On-site,2024-02-02,2024-02-02,J3M65762NC69H0C4VBJ
Infrastructure System Engineer,Kforce Technology,"Richfield, MN (Hybrid)",Contractor,https://www.careerbuilder.com/job/J3M1C36QQN3GNTQ5HRY,$45.00 - $60.00/Hour,Hybrid,2024-02-02,2024-02-02,J3M1C36QQN3GNTQ5HRY
Data Infrastructure Analyst,Kforce Finance and Accounting,"Irving, TX (Onsite)",Contractor,https://www.careerbuilder.com/job/J3S04579PB43YKSQ09F,$21.00 - $23.00/Hour,On-site,2024-01-19,2024-02-02,J3S04579PB43YKSQ09F
Project Manager - Hybrid,"Software Galaxy Systems, LLC","Villa Park, IL (Hybrid)",Contractor,https://www.careerbuilder.com/job/J2V7MS79R89D4LNZR2V,"$145,600 - $178,880/Year",Hybrid,2024-02-02,2024-02-02,J2V7MS79R89D4LNZR2V
Project Manager - Hybrid,"Software Galaxy Systems, LLC","Christiana, DE (Hybrid)",Contractor,https://www.careerbuilder.com/job/J2R6G372YVS4BK140ZB,"$145,600 - $178,880/Year",Hybrid,2024-02-02,2024-02-02,J2R6G372YVS4BK140ZB
Database Engineer,ICONMA,"Maple Grove, MN (Onsite)",Contractor,https://www.careerbuilder.com/job/JCL10C5X8B6J2NDQLGM,,On-site,2024-01-11,2024-02-02,JCL10C5X8B6J2NDQLGM
.Net Application Developer,Genesis10,"East Granby, CT (Onsite)",Contractor,https://www.careerbuilder.com/job/J3N1S86RK71Y2VYT2W9,$0.00 - $60.00/Hour,On-site,2024-01-24,2024-02-02,J3N1S86RK71Y2VYT2W9
Hybrid Sr. Contract Analyst 29610,Solving IT,"Chicago, IL (Hybrid)",Contractor,https://www.careerbuilder.com/job/J3Q5395ZGBKMMKT1HD8,,Hybrid,2024-01-24,2024-02-02,J3Q5395ZGBKMMKT1HD8
Analyst Assistant,"Beacon Hill Staffing Group, LLC","Boston, MA (Onsite)",Contractor,https://www.careerbuilder.com/job/J3N0K76B8F9BFQL1FMB,,On-site,2024-01-19,2024-02-02,J3N0K76B8F9BFQL1FMB
Financial Analyst,Vaco Technology,"New York, NY (Onsite)",Contractor,https://www.careerbuilder.com/job/J3M1ZS6WWMGCBM5K07P,,On-site,2024-02-01,2024-02-02,J3M1ZS6WWMGCBM5K07P
Data Analyst,Vaco Technology,"Detroit, MI (Onsite)",Contractor,https://www.careerbuilder.com/job/J3N02Q6WHVXQZJ3FWZF,,On-site,2024-01-24,2024-02-02,J3N02Q6WHVXQZJ3FWZF
Solution Analyst,Vaco Technology,"Ann Arbor, MI (Onsite)",Contractor,https://www.careerbuilder.com/job/J3N3KP6Z2HWCMR032VM,$45.00 - $60.00/Hour,On-site,2024-01-23,2024-02-02,J3N3KP6Z2HWCMR032VM
Inventory Analyst,Rose International,"Dubuque, IA (Onsite)",Contractor,https://www.careerbuilder.com/job/JDH22R6ZWBXG3LS54F8,$17.00 - $19.59/Hour,On-site,2024-01-23,2024-02-02,JDH22R6ZWBXG3LS54F8
Business Analyst - Advanced,Rose International,"Columbia, SC (Hybrid)",Contractor,https://www.careerbuilder.com/job/JDH7BF6RWFN2H2M4TTN,$55.00 - $60.00/Hour,Hybrid,2024-01-20,2024-02-02,JDH7BF6RWFN2H2M4TTN
Security Incident Response Tester Engineer,ConsultNet,"Rockville, MD (Onsite)",Contractor,https://www.careerbuilder.com/job/J3W3ZV69XPLL140R3K7,$80.00 - $90.00/Hour,On-site,2024-01-30,2024-02-02,J3W3ZV69XPLL140R3K7
Usability Researcher 3,Kforce Technology,"Work From Home, WA (Remote)",Contractor,https://www.careerbuilder.com/job/J3P63W6S2Y8N15K80QF,$60.00 - $70.00/Hour,Remote,2024-02-01,2024-02-02,J3P63W6S2Y8N15K80QF
Python Developer,Kforce Technology,"Work From Home, GA (Remote)",Contractor,https://www.careerbuilder.com/job/J3T45F6H04SRJN9B5HS,$38.00 - $48.00/Hour,Remote,2024-01-31,2024-02-02,J3T45F6H04SRJN9B5HS
Usability Researcher,Kforce Technology,"Work From Home, WA (Remote)",Contractor,https://www.careerbuilder.com/job/J3S4566WSL3H4DJ2FYR,$50.00 - $65.00/Hour,Remote,2024-01-27,2024-02-02,J3S4566WSL3H4DJ2FYR
Microbiology Scientist,"Integrated Resources, Inc","Raritan, NJ (Onsite)",Contractor,https://www.careerbuilder.com/job/J2V2BB6BLDBFGT40XM4,,On-site,2024-02-01,2024-02-02,J2V2BB6BLDBFGT40XM4
Bioanalytical Scientist,"Integrated Resources, Inc","Warren, NJ (Onsite)",Contractor,https://www.careerbuilder.com/job/JCL1H86BZJ3NH75PX42,,On-site,2024-02-01,2024-02-02,JCL1H86BZJ3NH75PX42
Chemist,"Integrated Resources, Inc","Lansdale, PA (Onsite)",Contractor,https://www.careerbuilder.com/job/J2P4KW67W30NXJ91JHP,$35.00/Hour,On-site,2024-01-29,2024-02-02,J2P4KW67W30NXJ91JHP
Assistant Scientist,Innova Solutions,"Highland Park, NJ (Onsite)",Contractor,https://www.careerbuilder.com/job/J3Q1HP68ZQ112KR8QL2,,On-site,2024-01-20,2024-02-02,J3Q1HP68ZQ112KR8QL2
Stability Scientist,Innova Solutions,"Acton, MA (Onsite)",Contractor,https://www.careerbuilder.com/job/J3R12J6FDRBCV1VZ7YF,,On-site,2024-01-18,2024-02-02,J3R12J6FDRBCV1VZ7YF
Data Scientist 29548,Solving IT,"Mason, OH (Onsite)",Contractor,https://www.careerbuilder.com/job/J3T1CQ6LDLN3L7LJ8KF,,On-site,2024-01-28,2024-02-02,J3T1CQ6LDLN3L7LJ8KF
Data Scientist 29548,Solving IT,"Mason, OH (Onsite)",Contractor,https://www.careerbuilder.com/job/J3N1075VMLL8GRGW5LX,,On-site,2024-01-29,2024-02-02,J3N1075VMLL8GRGW5LX
Laboratory Technician (Life Science/Medical Device),"Software Galaxy Systems, LLC","Lafayette, IN (Onsite)",Contractor,https://www.careerbuilder.com/job/JDH38775PZZNJG0SP60,$24.00 - $25.00/Hour,On-site,2024-01-30,2024-02-02,JDH38775PZZNJG0SP60
Laboratory Technician (Life Science/Medical Device),"Software Galaxy Systems, LLC","Lafayette, IN (Onsite)",Contractor,https://www.careerbuilder.com/job/J3N4C3634W5HCCF6BRP,$24.00 - $25.00/Hour,On-site,2024-01-30,2024-02-02,J3N4C3634W5HCCF6BRP
Sr. Research Associate,TALENT Software Services,"Seattle, WA (Onsite)",Contractor,https://www.careerbuilder.com/job/J3Q3N56WFQVW2RP8W99,$35.00 - $45.00/Hour,On-site,2024-01-30,2024-02-02,J3Q3N56WFQVW2RP8W99
Registered Nurse- Infection Prevention,TALENT Software Services,"Petaluma, CA (Onsite)",Contractor,https://www.careerbuilder.com/job/J3T7ZC6TSZHDTW4F3WD,,On-site,2024-02-02,2024-02-02,J3T7ZC6TSZHDTW4F3WD
Data Scientist II,TALENT Software Services,"Richfield, MN (Onsite)",Contractor,https://www.careerbuilder.com/job/J3P35R64NHFPMLJHGTL,,On-site,2024-02-01,2024-02-02,J3P35R64NHFPMLJHGTL
Quality Control Laboratory Technician,Hired by Matrix,"Christiana, DE (Onsite)",Contractor,https://www.careerbuilder.com/job/J3Q6DR632TJ0CSCBYRX,$27.00 - $30.00/Hour,On-site,2024-01-29,2024-02-02,J3Q6DR632TJ0CSCBYRX
Quality Control Laboratory Technician,Hired by Matrix,"Christiana, DE (Onsite)",Contractor,https://www.careerbuilder.com/job/J3P85Z6BLG7BDB4S2F7,$27.00 - $30.00/Hour,On-site,2024-01-29,2024-02-02,J3P85Z6BLG7BDB4S2F7
Associate Scientist / Mammalian Cell Culture / Pharma Industry,Pioneer Data Systems Inc,"Boulder, CO (Onsite)",Contractor,https://www.careerbuilder.com/job/JD804G5YV3V9YQ0JPWD,,On-site,2024-01-26,2024-02-02,JD804G5YV3V9YQ0JPWD
"Analytical Scientist (HPLC, UV Spectroscopy) / Pharma Industry",Pioneer Data Systems Inc,"Peapack, NJ (Onsite)",Contractor,https://www.careerbuilder.com/job/J330YH6NQJTBKN1HNY9,,On-site,2024-01-26,2024-02-02,J330YH6NQJTBKN1HNY9
Chemistry Lab Operations Scientist II / Pharma Industry,Pioneer Data Systems Inc,"Malvern, PA (Onsite)",Contractor,https://www.careerbuilder.com/job/J2Z0W06T4RYM3VW0XQ5,,On-site,2024-01-13,2024-02-02,J2Z0W06T4RYM3VW0XQ5
Lead Data Bricks Engineer,Trinity Technology Solutions,"New York, NY (Onsite)",Contractor,https://www.careerbuilder.com/job/J4R0V372SJHS245WSRV,,On-site,2024-01-23,2024-02-02,J4R0V372SJHS245WSRV
Lead Data Bricks Engineer,Trinity Technology Solutions,"Woodbridge Township, NJ (Onsite)",Contractor,https://www.careerbuilder.com/job/J2P6MN6CRD0NYY27WGC,,On-site,2024-01-23,2024-02-02,J2P6MN6CRD0NYY27WGC
Lead Data Bricks Engineer,Trinity Technology Solutions,"Woodbridge Township, NJ (Onsite)",Contractor,https://www.careerbuilder.com/job/J3P3Y96VYBWRV4FH3GS,,On-site,2024-01-23,2024-02-02,J3P3Y96VYBWRV4FH3GS
Associate Scientist I,Spectraforce Technologies Inc,"North Chicago, IL (Onsite)",Contractor,https://www.careerbuilder.com/job/J2P88X6V72ZLN26W9GS,$25.00 - $26.00/Hour,On-site,2024-01-21,2024-02-02,J2P88X6V72ZLN26W9GS
Research Associate,Spectraforce Technologies Inc,"Westborough, MA (Onsite)",Contractor,https://www.careerbuilder.com/job/JD92KZ5VNLRMBQR56G5,$33.00 - $35.00/Hour,On-site,2024-01-20,2024-02-02,JD92KZ5VNLRMBQR56G5
Scientist II,Spectraforce Technologies Inc,"Ridgefield, CT (Onsite)",Contractor,https://www.careerbuilder.com/job/J2N6D963TWKZDWTNVPY,$38.00 - $40.00/Hour,On-site,2024-01-20,2024-02-02,J2N6D963TWKZDWTNVPY
Scientist II - Cell/PCR and Sample Prep,Yoh,"Austin, TX (Onsite)",Contractor,https://www.careerbuilder.com/job/J3V3Z26L9479MWGMWFC,$30.00 - $35.00/Hour,On-site,2024-01-19,2024-02-02,J3V3Z26L9479MWGMWFC
Principal Stability Scientist,Yoh,"Devens, MA (Onsite)",Contractor,https://www.careerbuilder.com/job/J3P4HZ73FP9B0NPHV3L,$70.00 - $79.00/Hour,On-site,2024-01-19,2024-02-02,J3P4HZ73FP9B0NPHV3L
Reagents Manufacturing Scientist,Yoh,"Florence, KY (Onsite)",Contractor,https://www.careerbuilder.com/job/J3N5755YW2XQFB1S3CM,$40.00/Hour,On-site,2024-01-16,2024-02-02,J3N5755YW2XQFB1S3CM
Laboratory Technician,Rose International,"Chesterfield, MO (Onsite)",Contractor,https://www.careerbuilder.com/job/JDD3YW5VMDL54SK1P52,$20.50/Hour,On-site,2024-01-18,2024-02-02,JDD3YW5VMDL54SK1P52
Quality Control Lab Tech,Rose International,"Newark, DE (Onsite)",Contractor,https://www.careerbuilder.com/job/JDD66D6MSXKLDWBVF6Y,$27.00 - $30.00/Hour,On-site,2024-01-17,2024-02-02,JDD66D6MSXKLDWBVF6Y
Scientist,"Pyramid Consulting, Inc","Raritan, NJ (Onsite)",Contractor,https://www.careerbuilder.com/job/J2R0F95YQBK23V5KVFS,$40.00 - $45.00/Hour,On-site,2024-01-17,2024-02-02,J2R0F95YQBK23V5KVFS
Bio-Analytical Scientist,"Pyramid Consulting, Inc","Warren, NJ (Onsite)",Contractor,https://www.careerbuilder.com/job/JD61M167ZQCCTQNYH74,$32.00 - $38.00/Hour,On-site,2024-01-17,2024-02-02,JD61M167ZQCCTQNYH74
Associate Research Scientist,"Pyramid Consulting, Inc","Brisbane, CA (Onsite)",Contractor,https://www.careerbuilder.com/job/J2V7BN6M1DKW91TQPMQ,$48.00 - $52.45/Hour,On-site,2024-01-16,2024-02-02,J2V7BN6M1DKW91TQPMQ
Manufacturing Engineer,Nesco Resource,"Archbald, PA (Onsite)",Contractor,https://www.careerbuilder.com/job/J3R2JD797SVR5C03T53,$43.50/Hour,On-site,2024-01-17,2024-02-02,J3R2JD797SVR5C03T53
"Scientist (I, II, Sr.)",Nesco Resource,"Pleasanton, CA (Onsite)",Contractor,https://www.careerbuilder.com/job/J3M7646HVB2Q76YXWFX,$30.00 - $53.00/Hour,On-site,2024-01-16,2024-02-02,J3M7646HVB2Q76YXWFX
Research Scientist,Lancesoft Inc.,"Trenton, NJ (Onsite)",Contractor,https://www.careerbuilder.com/job/JCM1B471KHYXKLVT32T,$30.00 - $45.00/Hour,On-site,2024-01-11,2024-02-02,JCM1B471KHYXKLVT32T
Laboratory Technician (Life Sciences),Lancesoft Inc.,"Blair, NE (Onsite)",Contractor,https://www.careerbuilder.com/job/J2R60Y771Y52N7MFH7B,$20.00 - $25.00/Hour,On-site,2024-01-10,2024-02-02,J2R60Y771Y52N7MFH7B
Machine Engineer/ML Engineer III (US - Contract),Lancesoft Inc.,"Chicago, IL (Onsite)",Contractor,https://www.careerbuilder.com/job/J3P3NC6S2Y0CP6B2P4C,,On-site,2024-01-27,2024-02-02,J3P3NC6S2Y0CP6B2P4C
Azure Data Engineer,Dexian - DISYS,"Meridian, ID (Onsite)",Contractor,https://www.careerbuilder.com/job/J3M4P576W0DYDFMY83P,$45.00 - $60.00/Hour,On-site,2024-02-02,2024-02-02,J3M4P576W0DYDFMY83P
Senior SDET,Dexian - DISYS,"Austin, TX (Onsite)",Contractor,https://www.careerbuilder.com/job/J3R4BC5WZ475STDLL8T,,On-site,2024-01-25,2024-02-02,J3R4BC5WZ475STDLL8T
SDET,Dexian - DISYS,"Santa Monica, CA (Onsite)",Contractor,https://www.careerbuilder.com/job/J3Q22N6LD78ZT92X4VD,,On-site,2024-01-23,2024-02-02,J3Q22N6LD78ZT92X4VD
HWIL S/W Engineer - (Secret Clearance),Nesco Resource,"Andover, MA (Onsite)",Contractor,https://www.careerbuilder.com/job/J3Q5ST5XNS7DVVQ9W6F,$80.00 - $100.00/Hour,On-site,2024-02-02,2024-02-02,J3Q5ST5XNS7DVVQ9W6F
Embedded S/W Engineer,Nesco Resource,"Grand Prairie, TX (Onsite)",Contractor,https://www.careerbuilder.com/job/J3M7NL6W8MGH0F5270Y,$92.00/Hour,On-site,2024-02-02,2024-02-02,J3M7NL6W8MGH0F5270Y
Quality Technician 1st shift (Contract),Nesco Resource,"Troy, MI (Onsite)",Contractor,https://www.careerbuilder.com/job/J3T31R69N31809T2YTZ,$18.00 - $21.00/Hour,On-site,2024-02-02,2024-02-02,J3T31R69N31809T2YTZ
QA Engineer 3 (Auto),ConsultNet,"Riverton, UT (Onsite)",Contractor,https://www.careerbuilder.com/job/J3R1G16SN548KPCWXWH,$40.00 - $50.00/Hour,On-site,2024-02-02,2024-02-02,J3R1G16SN548KPCWXWH
Senior Full-Stack C#/Angular Engineer,ConsultNet,"Salt Lake City, UT (Onsite)",Contractor,https://www.careerbuilder.com/job/J3W0X96F4S44Q8YM2R8,,On-site,2024-02-02,2024-02-02,J3W0X96F4S44Q8YM2R8
Security Engineer 4,ConsultNet,"Rockville, MD (Onsite)",Contractor,https://www.careerbuilder.com/job/J3W1QT6MFBV3KF2BQ13,,On-site,2024-01-30,2024-02-02,J3W1QT6MFBV3KF2BQ13
Support Engineer,Kforce Technology,"Work From Home, WA (Remote)",Contractor,https://www.careerbuilder.com/job/J3V3J1734D7C6CNGF5Y,$35.00 - $45.00/Hour,Remote,2024-02-02,2024-02-02,J3V3J1734D7C6CNGF5Y
Software Design Engineer,Kforce Technology,"Work From Home, WA (Remote)",Contractor,https://www.careerbuilder.com/job/J3R73P72WYT7W1L2LHW,$50.00 - $68.00/Hour,Remote,2024-02-02,2024-02-02,J3R73P72WYT7W1L2LHW
Data Engineer,Kforce Technology,"Dublin, CA (Hybrid)",Contractor,https://www.careerbuilder.com/job/J3Q3RP64X0KPJ8999HF,$65.00 - $80.00/Hour,Hybrid,2024-02-02,2024-02-02,J3Q3RP64X0KPJ8999HF
"Software Engineer II, Front End",Yoh,"San Diego, CA (Onsite)",Contractor,https://www.careerbuilder.com/job/J3V7Z86HRPRT42X3R9Z,$0.00 - $70.00/Hour,On-site,2024-02-02,2024-02-02,J3V7Z86HRPRT42X3R9Z
DevSecOps Engineer,Yoh,"Mc Kinney, TX (Onsite)",Contractor,https://www.careerbuilder.com/job/J3Q84966HS3RFSGWV84,,On-site,2024-02-02,2024-02-02,J3Q84966HS3RFSGWV84
Software Engineer,Yoh,"Sunnyvale, CA (Onsite)",Contractor,https://www.careerbuilder.com/job/J3P3TF71HTLWJQBP1D3,$35.00 - $40.00/Hour,On-site,2024-02-01,2024-02-02,J3P3TF71HTLWJQBP1D3
Service Engineer 3,eXcell,"Redmond, WA (Onsite)",Contractor,https://www.careerbuilder.com/job/J3V45S65T09H83MNJDP,$65.00 - $70.00/Hour,On-site,2024-02-02,2024-02-02,J3V45S65T09H83MNJDP
Backend Software Engineer,eXcell,"Sacramento, CA (Onsite)",Contractor,https://www.careerbuilder.com/job/J3P22T749P7V5B9VTQR,$50.00 - $65.00/Hour,On-site,2024-01-26,2024-02-02,J3P22T749P7V5B9VTQR
Junior Data Engineer (SQL),eXcell,"Seattle, WA (Onsite)",Contractor,https://www.careerbuilder.com/job/J3P3FL5ZGSJ25Q6ZFYJ,$45.00 - $55.00/Hour,On-site,2024-01-06,2024-02-02,J3P3FL5ZGSJ25Q6ZFYJ
Reprogramming Lab Sustainment Lead Engineer,Butler Aerospace and Defense,"White Settlement, TX (Onsite)",Contractor,https://www.careerbuilder.com/job/J3Q00G6Y3SY2FVY9BKB,,On-site,2024-02-02,2024-02-02,J3Q00G6Y3SY2FVY9BKB
Circuit Card Design Engineer,Butler Aerospace and Defense,"Grand Prairie, TX (Onsite)",Contractor,https://www.careerbuilder.com/job/J3Q8FM6JQW2C514ZR8P,,On-site,2024-01-27,2024-02-02,J3Q8FM6JQW2C514ZR8P
Reliability Engineer,Butler Aerospace and Defense,"Grand Prairie, TX (Onsite)",Contractor,https://www.careerbuilder.com/job/J3P4MY68CZJ8PQNH171,,On-site,2024-01-26,2024-02-02,J3P4MY68CZJ8PQNH171
Tier III O&M Network Engineer,Innova Solutions,"Denver, Colorado, CO (Onsite)",Contractor,https://www.careerbuilder.com/job/J3M7SS6BBF4Y461QWDY,$55.00 - $65.00/Hour,On-site,2024-01-29,2024-02-02,J3M7SS6BBF4Y461QWDY
Tier III O&M Network Engineer,Innova Solutions,"Chantilly, VA (Onsite)",Contractor,https://www.careerbuilder.com/job/J3S20G60SQW3PMR2Z76,$78.00 - $88.00/Hour,On-site,2024-01-20,2024-02-02,J3S20G60SQW3PMR2Z76
Software Developer (Contract) - Work From Home,Data Annotation,"Washington, DC (Remote)",Contractor,https://www.careerbuilder.com/job/J3R7ZV5W4NH1HPQKLPP,,Remote,2024-02-02,2024-02-02,J3R7ZV5W4NH1HPQKLPP
Software Developer (Contract),Data Annotation,"Washington, DC (Onsite)",Contractor,https://www.careerbuilder.com/job/J3R5HV64W713VX3LMK8,,On-site,2024-02-02,2024-02-02,J3R5HV64W713VX3LMK8
Software Developer (Contract) - Work From Home,Data Annotation,"New York, NY (Remote)",Contractor,https://www.careerbuilder.com/job/J3T83G6DM39RRJY3LB8,,Remote,2024-02-02,2024-02-02,J3T83G6DM39RRJY3LB8
Quality Automation Engineer,Hired by Matrix,"Newark, NJ (Onsite)",Contractor,https://www.careerbuilder.com/job/J3V61M6597Y765GNC35,,On-site,2024-02-01,2024-02-02,J3V61M6597Y765GNC35
R&D Technician,Hired by Matrix,"Valhalla, NY (Onsite)",Contractor,https://www.careerbuilder.com/job/J3R1FD70ZG0RS33ZDFX,$25.00 - $28.00/Hour,On-site,2024-02-01,2024-02-02,J3R1FD70ZG0RS33ZDFX
Mechanical Engineer,TriMech Services LLC,"Florence, KY (Onsite)",Contractor,https://www.careerbuilder.com/job/JDF4RJ6XPPS46D8R3TK,"$75,000 - $105,000/Year",On-site,2024-02-01,2024-02-02,JDF4RJ6XPPS46D8R3TK
Electrical Engineering Manager,TriMech Services LLC,"Florence, KY (Onsite)",Contractor,https://www.careerbuilder.com/job/JD95R868XYDH7DLJ3LR,,On-site,2024-02-01,2024-02-02,JD95R868XYDH7DLJ3LR
Full Stack Developer GCP,Stefanini,"Dearborn, MI (Onsite)",Contractor,https://www.careerbuilder.com/job/J3Q24R6TJCX60TLSXG2,$70.00 - $75.00/Hour,On-site,2024-02-01,2024-02-02,J3Q24R6TJCX60TLSXG2
Engineering Technician,Stefanini,"Round Lake, IL (Onsite)",Contractor,https://www.careerbuilder.com/job/J3T1NP6DC9XM4CY04KV,$20.00 - $23.00/Hour,On-site,2024-01-30,2024-02-02,J3T1NP6DC9XM4CY04KV
Automation Test Engineer,Stefanini,"San Francisco, CA (Onsite)",Contractor,https://www.careerbuilder.com/job/J3N7606X60Y2YMBDR1M,$65.00 - $71.00/Hour,On-site,2024-01-30,2024-02-02,J3N7606X60Y2YMBDR1M
Mechanical Engineer,JobsRUs.com,"Bloomfield, CT (Onsite)",Contractor,https://www.careerbuilder.com/job/J3Q6GX76MFHGYL43H1L,,On-site,2024-02-01,2024-02-02,J3Q6GX76MFHGYL43H1L
Quality Engineer,JobsRUs.com,"Simi Valley, CA (Onsite)",Contractor,https://www.careerbuilder.com/job/J3R3QB6K0FQ9QR2LVHL,,On-site,2024-01-30,2024-02-02,J3R3QB6K0FQ9QR2LVHL
Quality Technician,JobsRUs.com,"Simi Valley, CA (Onsite)",Contractor,https://www.careerbuilder.com/job/J3P6VY77JP9S8TT8NDZ,,On-site,2024-01-26,2024-02-02,J3P6VY77JP9S8TT8NDZ
Risk Analyst_MA10,Sunrise System Inc,"Houston, TX (Onsite)",Contractor,https://www.careerbuilder.com/job/J2Y76T6ZB4NRNG6DBHR,,On-site,2024-01-23,2024-02-02,J2Y76T6ZB4NRNG6DBHR
Analyst Assistant,"Beacon Hill Staffing Group, LLC","Boston, MA (Onsite)",Contractor,https://www.careerbuilder.com/job/J3P012789920FN13SRF,,On-site,2024-01-26,2024-02-02,J3P012789920FN13SRF
