Company,Salary,Date Posted,Title,Location,Job ID,Job Link,Job Type,Current Date Time,Remote / Hybrid
TEKsystems,$70.00 - $85.00 a Hourly,2024-02-02T00:20:01Z,Healthcare Business Analyst,"Bakersfield, CA 93301",fd3709bace43146e,https://www.indeed.com/viewjob?jk=fd3709bace43146e&from=vjs&tk=1hlk7ihdei0eq803&viewtype=embedded&advn=3221643616900566&adid=425824618&ad=-6NYlbfkN0AuKz8EBO1xHDEL7V2YF9xF3dC_I9B9i-Zw2Jh8clPMK02EZZItVJnBrORyA3-Ry5ugKQ-Y1HBQiHO4eWm6ktmHXBLyzxQyHBPmzfZfEvDpP6478RTSrVHzdb_SVE5NtdQ-Axcgwcbzr0p7CPk-xyQ5dO3xWrzRhj0q5tskef10f-t3aY1VDenm_yC7L2SuiXNWYQzd72SvvtEmaT11vtp0ZePmM0kWQWeFwypZXXmO6--moqyS0TvwDXUeNAktaXL6lRJWE4lhbzp3lDJG8IgfjXKurkLQQGTaSjifLYASQNwOMK7Yl-evU9VmNki6KVJTeIhNQIQ8f5w4nC94TeQk5frShXHYW-miEaDQcoDvC1cPYDA7RiNfDvGtrd6CU_7-l-dPnCXVe3AXPC-2y_HuDq9fcrSnTw7OhV3RyTMaABtEMuHLpr6ne6yBdBjWs0hKKdRAf3pZSsC4thkAmB-aJuYiiTZq2-MHl8H78iZzHQoYQfH6Lx9rAqemsCj6KD3tya7aB-5z8OlIf-IQ0Eg1zHXgbIO64TcQ6JwLwTmcMNduVN9U5mv17sMwENpdJo-j0FfaL2Aa5NNKxSw80FssZAtNMy-9kfsHQ1cLbDgvixXJ2NAU61WxTg0gsh_5FMMSGKDI8nSuQFa7u5j4R-s9M3JU4Qq7ID0qhihNVFZ5datScP5Ws-SU1prONz2igraPTbotMJSqSA9yIVOu7S55uHEOcSlwStoOlxuso4VT-3HyWYcTbE3Fn5J0zWscq-jyXNP1J777zt46k40fJlzGUBLuf5FYizssyVF12lCqXx5SyEE1DL3lQGsBPy7e3w1pkh3g49Jjd_Fb657vAKSBQPiyAcXI8ohuS-Trs7R7BmBWBgk3CpZDzBDaephojpsThOBf2PpJF5v2D-PohXlRGvudLPvuMIjoYkGadd0PGteJiuZRXBYuxn09V7-lhWK4piAm3umtl-xyKcWAipeRrnDxwqn2nxspiy1rwoDYXU7BFLY9FWDx-1EpHaqrcdAod7BKkRBsGQiJXeA6EOQm51hIfFvd8pzH7bU72igoIv61NocEKHdlULAMZmHoq_tcup3UmHQka6pAa0zD4nEhp_XIVglXpSY%3D&xkcb=SoDx6_M3F0HF6yzU4R0LbzkdCdPP&continueUrl=%2Fjobs%3Fsc%3D0kf%253Ajt%2528contract%2529%253B%26q%3DData%2BAnalyst%26page%3D0,Contract,2024-02-02 11:50:01,Hybrid/On Site
Robert Half,$38.00 - $41.00 a Hourly,2024-02-02T00:20:01Z,Business Process Data Analyst,"Des Plaines, IL 60018",dd9e82a80b59f36f,https://www.indeed.com/viewjob?jk=dd9e82a80b59f36f&from=vjs&tk=1hlk7ihdei0eq803&viewtype=embedded&advn=808876208185647&adid=413460502&ad=-6NYlbfkN0CpzDdaQkua3np5pkmj49lKioZwmwxQ-yx5plwbYmV_M1zEVPt0O_TSZV9cNMBPIadvxnQIf-JgOjBvKHEBOlSfGLqc4CGKlVdGhebbi61oXoSAZk__J3nQuJqrPH8DAULscn0YmFanuRA-NT8DIoc8PsYrBLEWCdTPbYXtNHTHzoQHkjnJAJlWR0dVKy4_kbg3Ok61uyrNJ4audkm0CIbM-qwUAWl-hrlTNH_I46-cIdH0jNuq_dI_Y11lhM-TCW2SwTiF0BH06ACg7s_i4E59_0Xg9J70s9W4dgLC0MTJe20NWDFjlnAH8VJjkiYgRxL-4QF3Ggx1F0xkBFz5nz2lBHUZFVePltK4BM5ctu9d4xdltMWyeMDhmnHW2EvtNUUkp3FPBW1b-uNgf_ofZMqiN4PjH65FXPJulTsInwlSCfSZiL1Dyjr7jVq1dupHEU8UE-lyHZVxuDw0_BM4tRpqb0DNByns_vbwDu9Ir6o-1Q-6BA3h_8inOCVYTx6GnkFmEsj6T3CyWOVVHQgJFkOOCL_Q7FnNi40f39gkFlDFoEHshLu-4KjxI_SpxCTWflFZeeAOexIBpNeDo4oIOxOZ46MAAVAqj8knxEVOxXP678QY09vyS-kyqUF5xxfWMyHZKzpj1aL8jdfd_fnBfHwVTkMQRr2sUhxC0yE_ZCJAbWvnlQ4uoVnyx-ClFlKkQoQXKKkgj6huHdq7SaeAxZQ40B4zUj9sdG4%3D&xkcb=SoBs6_M3F0HF6yzU4R0IbzkdCdPP&continueUrl=%2Fjobs%3Fsc%3D0kf%253Ajt%2528contract%2529%253B%26q%3DData%2BAnalyst%26page%3D0,Temporary,2024-02-02 11:50:01,Hybrid/On Site
AppleOne,$24.00 - $30.00 a Hourly,2024-02-02T00:20:01Z,Data Analyst,"Delray Beach, FL 33445",62c164d1adf0d03c,https://www.indeed.com/viewjob?jk=62c164d1adf0d03c&from=vjs&tk=1hlk7ihdei0eq803&viewtype=embedded&advn=4540313644549823&adid=416831192&ad=-6NYlbfkN0Akmm0SHSm6KXMG3PLe28cvsql5ALZY-VGg2iXYcU3b082gSpgrOcoq1WQfmWhcgsrEZndnivrVRpos7PeFYr-FUxGQZp8E1-qdl5cQ-EsQOtAhODmP9CVRrJyX1SUR-2wvSrhAvhvgZmqyzDsuaCnsuTQH2laKTw_koEHZXU_EIseIFDW_7nR-GwDDeYLPR1Xw3FjMnDy83-YqY2bM_RLKqfJEP8EznJxSFuwD9oB5mILEHiRVLc1NvRrntLAX_OH9vMYr14EhGZqkhSore5ZqsyfXHvhv1ttv0CFXUWZtHSoiy9z80Yox-gDg2XgsoOA1DtazABlOoExnTtVdnJtyPHT2kUsUQ3Lb0n7m3NkZZwGnpIyjkiV5bUDpEfqoUnQrWiHkyCo0EL2CIVt7A5gY2eqaK3eYwdHq9TEWW9d25wv7OaE71AEuliYIfB5ymFG_t4wix4xN9y9SG3_0b-Vp3q3z6Efn9OpAAR3TXRJNa0erka3SN5-ptFgkD-sGZoM_nhK_pucujUHyXsQzlTjScFx66_Yn2Nb4Zep0kSmkGxiK8Sbde1BKhvzxZHpz2d4OKYJDpxMc0LEUMeRfcwRRwJCkIhFtr2N1boNDX92g_A%3D%3D&xkcb=SoBW6_M3F0HF6yzU4R0ObzkdCdPP&continueUrl=%2Fjobs%3Fsc%3D0kf%253Ajt%2528contract%2529%253B%26q%3DData%2BAnalyst%26page%3D0,Contract,2024-02-02 11:50:01,Hybrid/On Site
Leadstack Inc,$40.00 - $50.00 a Hourly,2024-02-02T00:20:01Z,Data Analyst,"Sunnyvale, CA 94086",131a8b1b111eff14,https://www.indeed.com/viewjob?jk=131a8b1b111eff14&from=vjs&tk=1hlk7ihdei0eq803&viewtype=embedded&xkcb=SoA_67M3F0HF6yzU4R0NbzkdCdPP&continueUrl=%2Fjobs%3Fsc%3D0kf%253Ajt%2528contract%2529%253B%26q%3DData%2BAnalyst%26page%3D0,Contract,2024-02-02 11:50:01,Hybrid/On Site
Openmind Technologies,$60.00 - $70.00 a Hourly,2024-02-02T00:20:01Z,Data Analyst,Remote,c7888927e03bab76,https://www.indeed.com/viewjob?jk=c7888927e03bab76&from=vjs&tk=1hlk7ihdei0eq803&viewtype=embedded&xkcb=SoDW67M3F0HF6yzU4R0CbzkdCdPP&continueUrl=%2Fjobs%3Fsc%3D0kf%253Ajt%2528contract%2529%253B%26q%3DData%2BAnalyst%26page%3D0,Contract,2024-02-02 11:50:01,Remote
iSpeed Group llc,"$74,465.00 - $80,906.00 a Yearly",2024-02-02T00:20:01Z,Data Analyst,Remote,1de8a92497457ed4,https://www.indeed.com/viewjob?jk=1de8a92497457ed4&from=vjs&tk=1hlk7ihdei0eq803&viewtype=embedded&xkcb=SoD_67M3F0HF6yzU4R0AbzkdCdPP&continueUrl=%2Fjobs%3Fsc%3D0kf%253Ajt%2528contract%2529%253B%26q%3DData%2BAnalyst%26page%3D0,Part-time,2024-02-02 11:50:01,Remote
"Intratek Computer, Inc.",$0.00 - $65.00 a Hourly,2024-02-02T00:20:01Z,Business Analyst,"Orange, CA 92868",d783330a47face4a,https://www.indeed.com/viewjob?jk=d783330a47face4a&from=vjs&tk=1hlk7ihdei0eq803&viewtype=embedded&xkcb=SoBx67M3F0HF6yzU4R0HbzkdCdPP&continueUrl=%2Fjobs%3Fsc%3D0kf%253Ajt%2528contract%2529%253B%26q%3DData%2BAnalyst%26page%3D0,Contract,2024-02-02 11:50:01,Hybrid/On Site
Amazon,"$57,210.76 - $72,441.57 a Yearly",2024-02-02T00:20:01Z,Data Analyst II (Contingent),"Palo Alto, CA",4910cfe1f4569ab5,https://www.indeed.com/viewjob?jk=4910cfe1f4569ab5&from=vjs&tk=1hlk7ihdei0eq803&viewtype=embedded&xkcb=SoDF67M3F0HF6yzU4R0GbzkdCdPP&continueUrl=%2Fjobs%3Fsc%3D0kf%253Ajt%2528contract%2529%253B%26q%3DData%2BAnalyst%26page%3D0,Contract,2024-02-02 11:50:01,Hybrid/On Site
Kforce,$35.00 - $40.00 a Hourly,2024-02-02T00:20:01Z,IT Business Analyst,"Jupiter, FL 33478",758049668ec41d03,https://www.indeed.com/viewjob?jk=758049668ec41d03&from=vjs&tk=1hlk7ihdei0eq803&viewtype=embedded&advn=253019782202538&adid=380630471&ad=-6NYlbfkN0C5IatSLh_Ak1q39eQQoPIxD737RW9NeiYGvIRXkrLjEBkC4LI6KweF8V4ozHZ8DEambiA4xpW4rSYg2HbreqJnFZ-jR9AkpRflunRcdCIvOiVUgTt5Wx_Zb6uCqs1vC13z6bBbjH_eTjaHF5Bxs5zQipn9xCLTjJyJ11QJB6EywfL1xeMQoEwT_sYUKGtcvTRVjSMqxNQXrGIclk0NTDo-BjgVQdtQgrPZsVA8QHA4bW9_7pE6SEGydoMqBVIZeQIU0nsrsEJUNUXWiACN9o8uBAnZOTFgitfAKxnJAQVji7Gk0ku_I5DmfBGCmuBQbovNaBR9HmJdXfajKEb4j0JqV0Dfg4_zdhZfkawqYEw1rv6d6--A0Fjy-QFeZVSZcnENqy_s8fyieQ9Qe3ztBB0dviThjb1QgBC_qO5fHVqnvVF0X9IQCSo0UqJf2e7KaLJh4QDv11ekBbj15AfwkkRka1Am-9_6cJnoJ6IRP7E7y0LvGg4w0OrewkjDsNTU1wi2sW6pFkM0G4_LAc9M5OWABpq1D7JI2iRi3peCVS4b3OvJrKKiNDGQX2vHCRSANVoTGhayvrfNlpbujR6ZmwI8tgleKYY-4neqsKhDrrQd2PEpeC3ceJa3TbU8PQ3hCtfI6Ty6lQu3o1yXsFIrVRz1kMZi2OHTI3kcKyTsTmIajCLszX_gL3J570igBwRTp0twhT9AkOP8jpB-SL-LZGHisrw986RXnWsBIc4uJgSomw%3D%3D&xkcb=SoCs6_M3F0HF6yzU4R0FbzkdCdPP&continueUrl=%2Fjobs%3Fsc%3D0kf%253Ajt%2528contract%2529%253B%26q%3DData%2BAnalyst%26page%3D0,Contract,2024-02-02 11:50:01,Hybrid/On Site
Talent Space Inc,$55.00 - $62.00 a Hourly,2024-02-02T00:20:09Z,"Sr. Analyst, HR Data Quality","Boston, MA 02210",2359ded7d1009d37,https://www.indeed.com/viewjob?jk=2359ded7d1009d37&from=vjs&tk=1hlk7iqhpirq6800&viewtype=embedded&advn=9392945593302083&adid=425880500&ad=-6NYlbfkN0BOEstObOQD_ogjKDbW5-Rezlx5r_kqSXxr2dm5zbHa8iGTLCCvVwWR6LRWInsdFNazuFYTWgUbCxXrOChUpJqtv1Dk7aM-ViygiCrBFHN-CfUohmsIctxm2And_oOtbhzDK0VfZweVphdcS47Avtb2WMqm4dNm--uLg4DYKiM9dpWGyNgfTd3w6CmnU2JGUjYs_GgqlCLdaz8r2NuSoK5bmY5r6Wr2mSr6SvJxxOQQde0DSIIYIvNAzbJQ81EWQAaiOUEqc1nImZhd1iFzprG8PrQZa9_cyGePy2LoypN7prSm-Y8QkTm5kfW5ncxR3t0tAC7vL1-pphmY7GGSfQHF5-RMxcCz8tCfnU7CErIm2Ccjs9Gxaok3aElbHzUZpydgCZfRBdOQ_IqNfBZBIJHaWXIha0eFONLUve4iAiG6Oe_yxvbbszvz4MR67s_JYgbHP3lxDbkv2b3tJO4_aLdcx1W1G84vz4-I8K5BlJFjJbQgNRMUK9vdTDVJe7RVXRMrKBhJQXA9_2vj_A-vQ6CpCRT7nlxOOLVuI6yw5kCF0sbDTJeUG6UJ302jxEsHfjhSS4c2GOpmC6KV4GZVPGWZqrGpSOdyttpbIupLIbpfNQ%3D%3D&xkcb=SoCg6_M3F0HEjlQjlB0LbzkdCdPP&continueUrl=%2Fjobs%3Fsc%3D0kf%253Ajt%2528contract%2529%253B%26q%3DData%2BAnalyst%26page%3D10,Contract,2024-02-02 11:50:09,Hybrid/On Site
Kforce,$35.00 - $40.00 a Hourly,2024-02-02T00:20:09Z,Data Analyst C-Shopper,"Irving, TX 75063",fded88f25d76956f,https://www.indeed.com/viewjob?jk=fded88f25d76956f&from=vjs&tk=1hlk7iqhpirq6800&viewtype=embedded&advn=253019782202538&adid=380630240&ad=-6NYlbfkN0C5IatSLh_Ak1q39eQQoPIxD737RW9NeiYGvIRXkrLjEBkC4LI6KweFMaB7igpdWMklnrqrYTujmsynbMFHzwwjCjRadkM_sYbOfwpF-DB45GTbFFAJY6GjFXHZVj_Nq8O69_dLjD3IYHq3MLnDSRm22o-oPPBCQfR3lGiPotVIIP2N0T2hjmlq8_dWh2lHNEouEaTlfD7515Z4LPKevQfd4loCi0pxXo2oyvO2u5LkdAQw4PqWsjJFUWWIy-xTJqkwHRfatMe3OAA3oDQ37Z1yyWt5WGXlF2WBqokXoETIEmcRDUDXzGZkGnrDNLcm28e3lV6S3_SVYIJVqsp1TTgdlD8SWh72_GxGISLFXrfsm8Y7vxwfaw0ePcXUsqGKk4GoSRf3pYOah2mFrI4GIbt3UFHXsjunOWS4KsLMqTBUldXBr2Magpsno1aN77DEvw22RlU0PexOFmMIB-UnApmKV3jz3Nts-vVdZO80VXdmWS4l0GiOasOhKFW93ElnTlyRBY3sM74EOGxZ_O314biKUHQxGR3bKaLrTugcqhpLoP2TNFGY0cYFg62pIiMfAXFUYAnty1ZfGwVtmZeCsk7DdM1Vat07B465TE1T7aq9k9TlEprM4YkY8kejo7VD4A0vSVSm9dMNCyWI7AU4oJ_kwIh-9cyLPVdftM7wkPkvcSjBZuTbL2iFhAiOQpxjln2HlELlzPtfqJnXzLKe_RQ2OJEhO4jt0No%3D&xkcb=SoAU6_M3F0HEjlQjlB0KbzkdCdPP&continueUrl=%2Fjobs%3Fsc%3D0kf%253Ajt%2528contract%2529%253B%26q%3DData%2BAnalyst%26page%3D10,Contract,2024-02-02 11:50:09,Hybrid/On Site
Experis,$60.00 - $75.00 a Hourly,2024-02-02T00:20:09Z,Sr. Data Analyst,"Greenwood Village, CO 80111",cac055d6f6dc0a3d,https://www.indeed.com/viewjob?jk=cac055d6f6dc0a3d&from=vjs&tk=1hlk7iqhpirq6800&viewtype=embedded&advn=7107834286822887&adid=416366958&ad=-6NYlbfkN0AEFElgJvH0khGA9zFQnp2BxzQ0kZOw7TdbpWENTeb18Nxbg4z4vP9DnAuGUsg_7P0f9QTkDyIUoM3KTCqTAVmqPbM3GVhPAK5hzj8ixf11ezAg83qsMxPkJdM1DY3Mi7ltk13g7Gm-b56mbTVF20FV546zJ6tuTq7CBAgHl0wYzlvEjwXz7hUKeO02s2r1r8SFfsgT0jKcR5rUVYZXnym173EC-6ugiXbhe71SevUGy8uycWp9bcMzrYXsho4JlzP3bIfG891_hKmLZr3f-XXLNk3-yT2vATryiEe3_T29nlmtbB6FSPenai-G7vTACtbPGVzEdNJFVRC4lMfc1pYGAX1bDUNYZ74phA3vkK7-A2wYwFjV7c0HoISGICMAenUk2_iMeigDg7V-7v9IzPV-WrhiUdRL6b0mKY9SP5qYXyhsrD1QYWeCTcqc0tgpIx9N4Kn49LQgl-aeFJMSq2xs04GXbluP4NVq0YXngynK_fOKGg0QL9W-eRnPwpyBap8uoYzF9W2ow3G4e5sjhVfXVrSWrOxPZ4HqMG4s864uI0XDocE6GMitxiV-AfIzZPIkXGmywpJ8v7BZyMTzVQL2TzxC6SSVk6w%3D&xkcb=SoCJ6_M3F0HEjlQjlB0JbzkdCdPP&continueUrl=%2Fjobs%3Fsc%3D0kf%253Ajt%2528contract%2529%253B%26q%3DData%2BAnalyst%26page%3D10,Contract,2024-02-02 11:50:09,Hybrid/On Site
Kelly,$0.00 - $46.00 a Hourly,2024-02-02T00:20:09Z,Risk Governance Reporting Analyst,"Auburn Hills, MI 48326",f64ba8ec2ce000ca,https://www.indeed.com/viewjob?jk=f64ba8ec2ce000ca&from=vjs&tk=1hlk7iqhpirq6800&viewtype=embedded&advn=6111343572945211&adid=425823363&ad=-6NYlbfkN0D6qFSVCaa8tXn-rJ3OcXif2lPyFmwsE2iZBGE4YLg1gz_wJDsf_g6ohaTXLOswGjer97WZXQ94n_cRoY9mfjW13VCGRjinZAnXD5WFTyoDtWjE_gkerRP6PEyayXrUN3ONBlXv1LVYUdsGuOertLRUh471VfyzyPFJ11di8Zv2_qJHpiSy48ymzIEi7NHRuDqrg7wj-J4EVCmP4Q5ptw-2D0G1RZWRw4ek0fTQ5fy_oLozrbdbfuAvMp9Ji8336lA47WRXmhyYiHJaKwWeCa4M_JAcObmAlcAJw_HHtlJqvaj7B1JBLlRRv3vOos0RYKj5GFjQa0fqh4txxY-MXs0je-AAxDx6Eo20IsNUJa-IvQj8fGFhg2OVEumqKaemDaeOifCsAsVg6Uo8t3Z8VAE00va7e44l2btwNAyCsg2ZJ25mIRJ5EFEzDhVSQSQXAiiCX9-rLHYpi5oulnXvnRLJ2kevPCkiXp6ogt2HHH63cqp9pF4OocGUeqeQ_YwxY2x1S55yWrYvJRPYflXohbRQM6aEXd8IFOluz1qju1HewrYF_ky1LedYlR599C4lTVPL8KgLmsa4mzVec_82tRZbBkHQ_5I-zWyu0f7TPPDWpXk5hEL4pAxHGAkqNgSXI2iaDhAA5f-wnJii4ayA86OFu0ZwBtRCbst_N8p3WD42ZLI6l4YcVbjCao8WhUy4CGyJH47OJOk96D3aLQPG9mSisG_RPxQ4L_xcucfqUu0BykP7P_ZVkvTQYyiUacps_3NCMyvZsjdGb0_-NowZ-ydJQ_JDvJyhRzvkhF7MfA-2nkKFMR4gQiptyKl5t3Y2b0Pcfo87BMTNhCF2O_9cboBJunBmBAzwEol5w8eELGLX7wcv985040BPcdlc44gGvI7pfIXlMmw2tdFUFRwmBh-14BwQYfk3P8A4_x2jRIGiCSWapwJjyUlf4LpwcAKJVTmzKdztDnVss6mCP6WlXLSjizNQIcNwr7v_Px4tSUxDPf5OQFX6CLZLlSkTnygp6aDbw1OcJR8FjsilHpscRejNFC5uIFcHWS0Edc-hg6XPVU19VnPYoIf1T8rR_aIoq2Wu1ynAhuf42jM4i1ModX1IE_6UYz__MZBv9RPK1_uSQPb2AU27AN9-SCdNwy2jvbRJVOpuJT__8m6uzQmo8-WA5BTC63rSQ1hr9gnLYQJw2I-ecdBOH1r87v_VOd5no2AIvfHoM6WGOtho1uHJLJr__MvawsyOsu2B8Q8UzN3JmYL6f-kRfpuQXQX-QQWqOqA%3D&xkcb=SoCz6_M3F0HEjlQjlB0PbzkdCdPP&continueUrl=%2Fjobs%3Fsc%3D0kf%253Ajt%2528contract%2529%253B%26q%3DData%2BAnalyst%26page%3D10,,2024-02-02 11:50:09,Hybrid/On Site
Kforce,$35.00 - $40.00 a Hourly,2024-02-02T00:20:09Z,Nuclear IT Business Analyst,"Jupiter, FL 33478",42883ba67fdffd3b,https://www.indeed.com/viewjob?jk=42883ba67fdffd3b&from=vjs&tk=1hlk7iqhpirq6800&viewtype=embedded&advn=253019782202538&adid=380630471&ad=-6NYlbfkN0C5IatSLh_Ak1q39eQQoPIxD737RW9NeiYGvIRXkrLjEBkC4LI6KweF8V4ozHZ8DEbGkW5iZuYIgG9hxnw0TlS-EPnDA3kkDoU1h0RswSrtTAPeX3Jk_xwCMK4dNWS9uu6p_7EIK1IyneXmCYhB5lrKTW2hFDSJlwb3xunEsHi-lxVDYnBYUpvxTLcg_AI6WxuVfL8RgFmZ647x72W2Wj-tNLmbx30H1ZcP_NDkmrdzAl9alL4BHaQp3jKazgsrbfkf-dpf4X6AZY5HWu8vP_m2TcIRPj-ai5th5uNLc3B7tynls4XGxkfId45tjKsrGuI5KgGa6jOiN8x-UPToTLc4gELX7JrGT0fbtoHNMYyaqCF91io2v-vVFoxlKm20lIXvt2i-exeahe9ZVv5ZykH8m6ngeNRJM3PdnypeISSzKaQ3y6dO6S3Z3yjm7lBkL1Joh2vosmeaypktsz4lYrqU_7-ZYnE2LqR7agrLUrGhjDHc6D3jAgOAGr49xMoTwHnVRvuXX3j65-fVZO1hClRsUIvjESZcg5e2pql-Q6CTNsRdRjDToIhs3nBPmvi1iuv90Fdiy40IAUh-XLmvhgIAd_1UX5jg8BgIuZGUeN7X8VLrQDa2VE0XCBXW-l_ipgfU1mOUjUgcr6jn_fpW3DhjMYelnQfLE_pVQhE_TmgxMfgKWOgJP01wVONUpVw4u3BS_Cf2-bTMGPaK48MTCdFkQ2rQX7mLa4Q%3D&xkcb=SoAH6_M3F0HEjlQjlB0ObzkdCdPP&continueUrl=%2Fjobs%3Fsc%3D0kf%253Ajt%2528contract%2529%253B%26q%3DData%2BAnalyst%26page%3D10,Contract,2024-02-02 11:50:09,Hybrid/On Site
Kforce,$40.00 - $45.00 a Hourly,2024-02-02T00:20:09Z,Senior Business Analyst,"Juno Beach, FL 33408",3fa0bd92cacb6da0,https://www.indeed.com/viewjob?jk=3fa0bd92cacb6da0&from=vjs&tk=1hlk7iqhpirq6800&viewtype=embedded&advn=253019782202538&adid=380630471&ad=-6NYlbfkN0C5IatSLh_Ak1q39eQQoPIxD737RW9NeiYGvIRXkrLjEBkC4LI6KweF8V4ozHZ8DEambiA4xpW4rURPoFUCa6kOLMGAMmGaojH5fqfOiDRubArM7wVp--pHnU7WgaBZtcwMZeYAbZmMoL5Fy6PIa7ulRSb0-UL3XnYPQg6cbIlNZw_Zwvi59gw27vaX6mRGmFiUrvx7G5rQGbasjQzY3JC0uXTaL4KSJWrTkJEGywOhDyswOTnrDw8zVm-UD6PEVKL-hMYKvjKhk9LqAF-mhOSGh2lvDNYDxUZpCKjVWLIq5fXZ0vYwE7dd1ZhZVSbuCGMnsZxBI5_4Vt-ON5XBc7zbpuzlOhp0Wvu6YEA9WXG7joUvYYpIqFJpWh_G3L-E7YGQlY61XBSG4_ewtZTfgr6b42nV-iC0axrEXrDgZuQ-It2my6-A6ZVjPXkRj69j2wDlOUI2xnqiuowKrXbEaZLTTbgt0P-QRhL6bHOV4J5cZcirdFYP4KKP9Qu0Hrwe5oPGMDVgZ0tJiNeN6b1P_0oZu78KNpiR6YJYgSWATuOWrDJ2MX5IjF9H4N5HHDym-YUpwQ8T3-EUVHEgz5JoD3_zjbN9Or746fJK77IwXYdO_J6RydPt4-kXik4h9JnOKkUQxI8tvzBKlm9OIn7_VOKIdnTY2a-2r6pkXnQoT4n4JwK5RRJyX9w-AEeNv0ZDLtWi5aoNFGlsmsYwqfgNoWAgwW1JY_5XeEA%3D&xkcb=SoCa6_M3F0HEjlQjlB0NbzkdCdPP&continueUrl=%2Fjobs%3Fsc%3D0kf%253Ajt%2528contract%2529%253B%26q%3DData%2BAnalyst%26page%3D10,Contract,2024-02-02 11:50:09,Hybrid/On Site
Tandym Group,"$101,399.60 - $128,394.49 a Yearly",2024-02-02T00:20:09Z,Data Analyst,"Fairfax County, VA",5cd5c46747585653,https://www.indeed.com/viewjob?jk=5cd5c46747585653&from=vjs&tk=1hlk7iqhpirq6800&viewtype=embedded&advn=7821221104656551&adid=424031788&ad=-6NYlbfkN0B-PqtJkJBxcFK4No1YgA2WlSENonneqf6KVAvcQVzPTo87GEX8h2HTvvlv5rgS7Opo2YmPWJCbkI8_xtn0kpo4__FQy4OC7XlMNLRf8fVsTfqdNgwn3Ll2oMm4xA4snILL6cTVZ8KaZTzL-A7WXEwCBRkM44iRUQphlrS0kePjnrGnoWLX1Wco3fpnhPIUtwDQt9ADBQLOBw3ph1PC_lpeRCDLv5zLojUaE75tDeAm2IePHmr7Re7v13k2Z-IROA_MOQUhLxYj2LPNEEvbmSDqJdJmMuwC4TNB-NvJNHtbkaVdJTVTaRcUk3Yy_XfZyo-hQGZO6ycbnPo7_byq3zSfTzB2SREr8PDAMPdmTGiX6cRAf_8XXT0gVH-MsKNMxVjG3Cyn9T75M-5h7NAgQU4hBWmEz1utOoOpGc_-Wldn-_6bcOULZ-BUtvTQukF8GRp0DY4n8Ag-xw_W61BDm-42HhTNh0t0b90qHz2gbajJNWZc--4EfMdtLFDl54IKXz1aA2tb7IdW83CRBWliG3xx8OQGfocbY9AskjGYCqL6-awY0sCaKtv40_w-E2QkSlJ_sxFFysuyYBwvlvU92UIz0BeF2FFEeVd0u1G5Y8vN-mstFXIAU1WqURC4VK_pYRqCNE1cDD5aAsVhQDmR7tMYp30g32nUtktTWDTkQ8Y0oCIpxBiYbXtvC3Qy8cudJkffZhTvzJpCptLodpe9_ZqLt_D2yh4sgWI%3D&xkcb=SoAu6_M3F0HEjlQjlB0MbzkdCdPP&continueUrl=%2Fjobs%3Fsc%3D0kf%253Ajt%2528contract%2529%253B%26q%3DData%2BAnalyst%26page%3D10,Contract,2024-02-02 11:50:09,Hybrid/On Site
"Everest Consultants, Inc.",$0.00 - $60.00 a Hourly,2024-02-02T00:20:09Z,Business Analyst 3,"Vancouver, WA 98666",7fa8b6ed841e79ad,https://www.indeed.com/viewjob?jk=7fa8b6ed841e79ad&from=vjs&tk=1hlk7iqhpirq6800&viewtype=embedded&advn=3032700504436972&adid=329520665&ad=-6NYlbfkN0DhVacPbJNbSQqMbBYuK39Lr6zmFv8Ukug0jmtsiQL0AeUJy1UvXWThs5qA9TTESdsaTyn6pZTXTgJt0FQMQbgUp8jbT9eba2YyW8P_r8nSvbWbxhvpjTvFH9VR0Jg7Yl4I0pMNasHGr80GQBdDSCIKvJUNtf50Rv_2GhPW1MBZ_z_SeIM72aEdjnCk9QYrDV4U-h98So9njaoODCGTXWN7Q41PaxeuUAqY1GDY3XWlF9r1d4nC2r1vmRjXk6SjTFwsGCMnXjH912_mYFwAetj2LxtOKLLAVfENx3YEubrn6w9tfeDe60NJiMNbT06iccoNT_JtT40ex6cJ8byYcUxbTn8eUMdVeXkzYQaUO-GYDQSJGaFG5jgbaGY4_7xc_jGMA9G4cDLxJH8UHGhQplPQt13QQkEcyfQabT7JuSBCLxtPyF4Iz4Klb4QF4DwwRwR25GL7jxVWz4WyOaQwm5hkgtEJDGbsa01qwkCKnzWZns2BP8qui6n7kQhlL7dfQOaf_lPLi2K1B0hb12v0CBJA5hKkcE3Ev_Q8EzZatZfLS0_mgTlOifkK0ap6VwQsSoxq3XpkyLglcWwk_jRzfjCtnsMqYTIZJLMt3Fef2hiMnYkLaQ0LhEPxF4HfAvJRmY_NhojxItAGF3ebSBP7BbacGwZVGk3W9SV1lCucVHpxRry6Q3hyExsvzb8QPs8I42fhHdpg16hpxQSPu_hMRjC1KcSufey5bZySBZ7Kbw0vIQoYMQyrF8r1NIEz1yaDJZfUQAY3xTo8WO12jov-Nse5Y38FN3d3KnxIBhjadfxAnBRAMeFj0Mk83alhxQiwSqvZonzE-RmiLWQfQNafRk_mgPh5AjuphiBf9GljNHUkPwZjDIAO9Sd_jN15_kaqfW4a8co_vpdvfgiTXlaFvg19keW-h4502dcMdR5ruKMhyegdCpbdVBTw_SJQMVb9N00tHCGWhIAgdTvFP2YQfEeTHi8wPd54-KuNGHleuyZYnvXVvhhtUbcl9w8iYR5ylmIXwgXuUzXTd9Mkp3H7JdUwc3ASIiLDbxCHEjsL5sAs62_AUA7mDycizpbZDWVHxmJZb0ahZhU6MpBtCSDE4Nno43Rv59mj93o_Am9EmSG1Bw%3D%3D&xkcb=SoDu6_M3F0HEjlQjlB0BbzkdCdPP&continueUrl=%2Fjobs%3Fsc%3D0kf%253Ajt%2528contract%2529%253B%26q%3DData%2BAnalyst%26page%3D10,Contract,2024-02-02 11:50:09,Hybrid/On Site
Leadstack Inc,$40.00 - $50.00 a Hourly,2024-02-02T00:20:09Z,Data Analyst,"Sunnyvale, CA 94086",131a8b1b111eff14,https://www.indeed.com/viewjob?jk=131a8b1b111eff14&from=vjs&tk=1hlk7iqhpirq6800&viewtype=embedded&xkcb=SoCu67M3F0HEjlQjlB0AbzkdCdPP&continueUrl=%2Fjobs%3Fsc%3D0kf%253Ajt%2528contract%2529%253B%26q%3DData%2BAnalyst%26page%3D10,Contract,2024-02-02 11:50:09,Hybrid/On Site
Comprise IT Solutions LLC,$50.00 - $-1.00 a Hourly,2024-02-02T00:20:09Z,Business Data Analyst,"Dallas, TX 75211",e655b6f6967e3c9f,https://www.indeed.com/viewjob?jk=e655b6f6967e3c9f&from=vjs&tk=1hlk7iqhpirq6800&viewtype=embedded&xkcb=SoAg67M3F0HEjlQjlB0HbzkdCdPP&continueUrl=%2Fjobs%3Fsc%3D0kf%253Ajt%2528contract%2529%253B%26q%3DData%2BAnalyst%26page%3D10,Contract,2024-02-02 11:50:09,Hybrid/On Site
Leadstack Inc,$40.00 - $50.00 a Hourly,2024-02-02T00:20:16Z,Data Analyst,"Sunnyvale, CA 94086",131a8b1b111eff14,https://www.indeed.com/viewjob?jk=131a8b1b111eff14&from=vjs&tk=1hlk7j2k9imhk805&viewtype=embedded&advn=112504098215740&adid=423127489&ad=-6NYlbfkN0AN1DXOJ3XjvJpsorCLbwBX67_Zmbno95PICvIB5GJH1xskRstYT3l8JTzkqyTEolatiR9fcWJYk0V9C0blujm4rG9AE1upQtMSRNaDgENAEm5YoRrQ6gA6wSwTVKYgX2x3dJiPDbSQ91CCgDumXZezQKuGuFZ55nLsCFpCbw5xV2Ih8p_KzV-GWAE1k9D0gJUIam1RsIPgcnc5rOPUASyKEqzGWs0MC-pfi8DlSj516wOegu3QaVwPKX0XZOUXRPTBada9w7TT6vvRY4vGhpaLNg1pKtiA1Eefu6E2_dsBZxcNg2S4NMJQw1VwC6MPdevA2QAPQlHNjDCRCln-jvNJGT-nRcXeAoIWiaMvDwERJ8thvOvjyQH-Bx2Ei4IyGHMCSoIiuT0CISNFNRldNx4oQFwGB6eR5Rcj11n7LfMqrEzwlVjQq-7wuW1zBzPDfSQr23XGqL5X5-TX-lOq2tguffJKSqChFkp3Berwmt6Jyd5p1lTIT2gc27DcbHLQiTbLEEq54HT4MuSTZQG7c58wr4Jm7g-Qb3jvVCu7ZBKddHTvonK0V5S0fi_KdfsZovHNlmUVhpF8yNF6OW8V8VTGyy8VEoTgjtEdSInnZNZJbSCEbff48CQN&xkcb=SoBg6_M3F0HDjPANOD0LbzkdCdPP&continueUrl=%2Fjobs%3Fsc%3D0kf%253Ajt%2528contract%2529%253B%26q%3DData%2BAnalyst%26page%3D20,Contract,2024-02-02 11:50:16,Hybrid/On Site
Openmind Technologies,$60.00 - $70.00 a Hourly,2024-02-02T00:20:16Z,Data Analyst,Remote,c7888927e03bab76,https://www.indeed.com/viewjob?jk=c7888927e03bab76&from=vjs&tk=1hlk7j2k9imhk805&viewtype=embedded&xkcb=SoAz67M3F0HDjPANOD0ObzkdCdPP&continueUrl=%2Fjobs%3Fsc%3D0kf%253Ajt%2528contract%2529%253B%26q%3DData%2BAnalyst%26page%3D20,Contract,2024-02-02 11:50:16,Remote
iSpeed Group llc,"$74,465.00 - $80,906.00 a Yearly",2024-02-02T00:20:16Z,Data Analyst,Remote,1de8a92497457ed4,https://www.indeed.com/viewjob?jk=1de8a92497457ed4&from=vjs&tk=1hlk7j2k9imhk805&viewtype=embedded&xkcb=SoAa67M3F0HDjPANOD0MbzkdCdPP&continueUrl=%2Fjobs%3Fsc%3D0kf%253Ajt%2528contract%2529%253B%26q%3DData%2BAnalyst%26page%3D20,Part-time,2024-02-02 11:50:16,Remote
"Intratek Computer, Inc.",$0.00 - $65.00 a Hourly,2024-02-02T00:20:16Z,Business Analyst,"Orange, CA 92868",d783330a47face4a,https://www.indeed.com/viewjob?jk=d783330a47face4a&from=vjs&tk=1hlk7j2k9imhk805&viewtype=embedded&xkcb=SoDz67M3F0HDjPANOD0DbzkdCdPP&continueUrl=%2Fjobs%3Fsc%3D0kf%253Ajt%2528contract%2529%253B%26q%3DData%2BAnalyst%26page%3D20,Contract,2024-02-02 11:50:16,Hybrid/On Site
Amazon,"$57,210.76 - $72,441.57 a Yearly",2024-02-02T00:20:16Z,Data Analyst II (Contingent),"Palo Alto, CA",4910cfe1f4569ab5,https://www.indeed.com/viewjob?jk=4910cfe1f4569ab5&from=vjs&tk=1hlk7j2k9imhk805&viewtype=embedded&xkcb=SoBH67M3F0HDjPANOD0CbzkdCdPP&continueUrl=%2Fjobs%3Fsc%3D0kf%253Ajt%2528contract%2529%253B%26q%3DData%2BAnalyst%26page%3D20,Contract,2024-02-02 11:50:16,Hybrid/On Site
Technology Support Specialist,$35.00 - $54.00 a Hourly,2024-02-02T00:20:16Z,Data and Reporting Analyst,"Santa Ana, CA 92707",8f0a536449a414fe,https://www.indeed.com/viewjob?jk=8f0a536449a414fe&from=vjs&tk=1hlk7j2k9imhk805&viewtype=embedded&xkcb=SoDa67M3F0HDjPANOD0BbzkdCdPP&continueUrl=%2Fjobs%3Fsc%3D0kf%253Ajt%2528contract%2529%253B%26q%3DData%2BAnalyst%26page%3D20,Contract,2024-02-02 11:50:16,Hybrid/On Site
cloud resources,"$48,723.91 - $113,131.48 a Yearly",2024-02-02T00:20:16Z,Data Analyst,Remote,6d462b18394e6091,https://www.indeed.com/viewjob?jk=6d462b18394e6091&from=vjs&tk=1hlk7j2k9imhk805&viewtype=embedded&xkcb=SoBu67M3F0HDjPANOD0AbzkdCdPP&continueUrl=%2Fjobs%3Fsc%3D0kf%253Ajt%2528contract%2529%253B%26q%3DData%2BAnalyst%26page%3D20,Contract,2024-02-02 11:50:16,Remote
Work At Home Vintage Experts,"$56,981.47 - $72,151.23 a Yearly",2024-02-02T00:20:16Z,Insurance - Data Analyst - REMOTE,"Sacramento, CA 95823",885b765f7c01da0d,https://www.indeed.com/viewjob?jk=885b765f7c01da0d&from=vjs&tk=1hlk7j2k9imhk805&viewtype=embedded&advn=4852622368906859&adid=352706368&ad=-6NYlbfkN0BogWl1GsdK1FbuIrhx_stWWceYqLGaHxBUeSy2q42LAewRgdHvgYx8MqN7DKKIDQGB9lxNNmgywDeYj8JFKzcAq-yxwOUze4h659BQz8OvkE4SDEKvdXnhvNNUCQltpKLXRHDDppL2DB_hGOBVIjwWdrPgqX20fllzaKFt1ChEq_VWyQfcC_jNft8o1UdvUhvx73lDk2peRCd1MQ4KVX22Ghh2z0BqP77RrOKJ_vdb4o_V3U0wL8vN60xNMiMSyQxeBXCVCiWFbhsX3XcyO-lX40Qnf8okpJuZPxVrOlWL0n2tYBziJNm__kRgRTYO_1M_sIvV5J5hREHD-X0Lt36FdfYY0dJHmNwAZSHidaW2klhtSp6dQsD-qw2QCymCZ2rVBFr8A36W8SmbLx3ADxhMDNZDViZjIAIHloMVA9ZychRKAFtdD2b_Sgrnd-Gz6az4emVJNlivHXZTmlNG9ffvyeCJkm63nwbWJSOu9wCNmwMyO-nPGAdsiDgQGW2Yg45mthZx3961N5TYSsmPxXWX_5sswGSJ1Q370hn8iL885LCkc_F2AgSUqbnUjY3p5IQoLDoeSZiktcqMopsBHeOWMexaa77KgKFaMXCADlnfr87UDTYa23k08yOW6jDn8FYHLzMwbNPb0izm5eTgxtzsqBpaxk_aEY7r0qRhvAIYtYAi1Y9pfz9eqGaBA-H5kvhtNu7mTrRBY5ERYQkA5S1kvK4Y6mP9ZbV0l7k1S5WrbJ3HakRytEAanzb7O9voNQvuUb4V7fGPUg%3D%3D&xkcb=SoCg6_M3F0HDjPANOD0GbzkdCdPP&continueUrl=%2Fjobs%3Fsc%3D0kf%253Ajt%2528contract%2529%253B%26q%3DData%2BAnalyst%26page%3D20,Contract,2024-02-02 11:50:16,Hybrid/On Site
TEKsystems,,2024-02-02T00:20:23Z,Senior Business Analyst,"Virginia Beach, VA 23450",abe2791e89758835,https://www.indeed.com/viewjob?jk=abe2791e89758835&from=vjs&tk=1hlk7j9rck7bj805&viewtype=embedded&advn=3221643616900566&adid=425824618&ad=-6NYlbfkN0AuKz8EBO1xHDEL7V2YF9xF3dC_I9B9i-Zw2Jh8clPMK02EZZItVJnBrORyA3-Ry5uTuiiB4mLNKd8aLMHGN3dEL_R7Gq7z1M9onKaRno9jIgvd9ToejiyzyfXqXu0CdN9YYiMyRqn1wE8FdR6Hgg9s9Cusg61UORuH0raV_IrjM0qh9UMRL4qWQxnMWo7svPPMLE-qvv2eR7W-0LtZYOPP06hUP0l9vLmbDonMjY9lENZ3oGxJCF2fzxzVlBnN7z8qGcomfsLRp5XG5YD9ohFSaekzOTsUOMm66T_ITDyEkmWxVlLYTq53njXxKVxTr6vIzuin_DktjPXAPpHqT9iRuyay1okDp9jpw0xUfsWwelR0z7jrMCE2cG5681VubqfwM3JEfy1h0tIiUm7NGUS9sq7MRZWc5WTqCw6BO21090sCdpNULf2B9dL2tvTMQXaXXBVC3tIPGi6d873n6Ius5eMevKhpG0GdZqQ2o3H9zhMuGudZwh2uCRx26ooLMCWU7f2TD3mHagorKFso3DjY72O6BaZReRwE3LU17Kvn2aKIFTJRkNRcNoMdzeooeZejbtOk6fydrQ6sX-FRplA0NzDkO5HDfxGxLPeTX15IGSYk_zc9kjVF2zLa6xbsPOye5FY_GJY_YrIZSZ4_9ZFiu6hxHNBNF2M0-U3178r-q04uKtist9vLV4Kstj-PAUQBbkrlX8KhcO85Eqe4xtixybVLUiT2ZEBrc0MbYcSBQ40ljgI1ko2OcHijEiHglBPZhe9s7cOk6sWsamrQUQJ40ZS7tb5cJUkTBDtebGfnYzICuCgfqOyGemfC8RsKRnzgAYVOuyIrJtemE_qgq1nIklwQ3zvWU6I65obnof6c3OWXgZkiJqMFnm3GJN-JmCWhKu9a-i27kapLZdkvdUGoI_c2IyVrRaDZ8Xd59hPMt6qswlG9qHCz14SokcwgDPUBTB8PWAZ2QP0CwvQR6zAKuJ3Cqo6gtsMly-JzdMmyEBGbtkObco8KKqoxG9khU2NlBxOoBKQru19uai4UX54bjbaP1VmGEd7vrKLucIdBHNDLtHrWTkHP_S3rKSdQC6lswkgBjYaT05GeJ4Z5lr542RaIcPyPooQ%3D&xkcb=SoAZ6_M3F0HC5RQiL50JbzkdCdPP&continueUrl=%2Fjobs%3Fsc%3D0kf%253Ajt%2528contract%2529%253B%26q%3DData%2BAnalyst%26page%3D30,Contract,2024-02-02 11:50:23,Hybrid/On Site
Leadstack Inc,$40.00 - $50.00 a Hourly,2024-02-02T00:20:23Z,Data Analyst,"Sunnyvale, CA 94086",131a8b1b111eff14,https://www.indeed.com/viewjob?jk=131a8b1b111eff14&from=vjs&tk=1hlk7j9rck7bj805&viewtype=embedded&xkcb=SoDX67M3F0HC5RQiL50PbzkdCdPP&continueUrl=%2Fjobs%3Fsc%3D0kf%253Ajt%2528contract%2529%253B%26q%3DData%2BAnalyst%26page%3D30,Contract,2024-02-02 11:50:23,Hybrid/On Site
"GTT, LLC",$85.00 - $87.00 a Hourly,2024-02-02T00:20:23Z,Senior Business Analyst,"Parsippany, NJ 07054",be4fba03d90671e1,https://www.indeed.com/viewjob?jk=be4fba03d90671e1&from=vjs&tk=1hlk7j9rck7bj805&viewtype=embedded&advn=813268777041816&adid=416088088&ad=-6NYlbfkN0Ci6abQPzZtnlIzpaPsmGvPJW6fwVsgLRdzrRle_KK1bJRd15Dztc0D6ws0xchHZXamRuUrasy7Ur13xPVG70_Y02jdjmEr3sm8pJH9jGTkK1488QZRR_Zf6oIms6Z1sylngWOnsbr6eRRq82bYbQfK6PRRzxmYvghwr6R-T5O55a8TpjU-k-RusQ9XrHydLM3cOuc9bbMUQLwDaXzlvubjbs9gmW1XOXSO1COOemB3waSS1ESgOFvmEmy04RT3yOxPGGgFnbAXh06F6ocnWrSNohamsSY3W9z-bFzbLjDQqL-yy9t2Q6tX-ulfmx_KvsVcJcHZIyv4I_RLKXU40Ad5ZnA3_Vh6uiAdcdSQC7YjM2EqXvmDMAol1vkATe_kPfSl4mNMynhQK5QDFRzFFFkJS8UvixAxxrJKi-VRDE-eOb5YS1cmAMjV1d1WN2cZZnfk1SF4za89ftnaSQvPPRHgSMUs7nc8qzbF43owqG6o6rCnX7PjV3-5odfRLELcaL0wjm29KAIpeOLFnb9hyB1NJan56Jm4mU2Mn6IX_9Oq1RACGuA6WnW2e8Z4rmlTef0Hr6NGAsUaF1sU8dakrmoHRVVkVFm8eCctY9ZDHCm3lnkUSFsZnxDDCnfTPyiAr2ucUNgGq6e2MZsFsfj-fI61WpuOd1ve7mhx7jW-i3qt3VyMJp5ZrlcIoEldulfFFNhlTnfRAJ_cqhFpH3TTmlHexqQfnGFwdqp2GJ1tVnd7OAE7HDw8RQOCalB9FwN7F3GwVdWbaycTyY0kcpvi4ITybXX68Awk2iLG6uJsvhe_LWryE5i0B_VWXHETstM6X7W5GEMJYaVYK2i7xurmcIwLMM1I_1qZlIEc41bVYFBACjIwQMMY5uTb6I9WFw04h_aR8KI7ugwxcKtBKfPQPw75jnNbTVbgrHtYzrEwK9UZdFbu3a3eYvBj4nlxzW-yfQKMf15dV8Q_cogqGrQ7lPUHqEi7dpwWMe-xTDTf_lRtjXa1kE-TBvFomPXIaQotppaNrm-wISksH-nqDc5XTlisymvQcVI4KSQ87UKWLGgX-qAC-dXNX2hWgtytmzeFQa9oQ16HS6tQd5sDTs22r8TXUVAiylRPRQbtyn1l2Dm4-YsaUQDZX9v0&xkcb=SoCX6_M3F0HC5RQiL50ObzkdCdPP&continueUrl=%2Fjobs%3Fsc%3D0kf%253Ajt%2528contract%2529%253B%26q%3DData%2BAnalyst%26page%3D30,Contract,2024-02-02 11:50:23,Hybrid/On Site
Openmind Technologies,$60.00 - $70.00 a Hourly,2024-02-02T00:20:23Z,Data Analyst,Remote,c7888927e03bab76,https://www.indeed.com/viewjob?jk=c7888927e03bab76&from=vjs&tk=1hlk7j9rck7bj805&viewtype=embedded&xkcb=SoBK67M3F0HC5RQiL50MbzkdCdPP&continueUrl=%2Fjobs%3Fsc%3D0kf%253Ajt%2528contract%2529%253B%26q%3DData%2BAnalyst%26page%3D30,Contract,2024-02-02 11:50:23,Remote
iSpeed Group llc,"$74,465.00 - $80,906.00 a Yearly",2024-02-02T00:20:23Z,Data Analyst,Remote,1de8a92497457ed4,https://www.indeed.com/viewjob?jk=1de8a92497457ed4&from=vjs&tk=1hlk7j9rck7bj805&viewtype=embedded&xkcb=SoCj67M3F0HC5RQiL50DbzkdCdPP&continueUrl=%2Fjobs%3Fsc%3D0kf%253Ajt%2528contract%2529%253B%26q%3DData%2BAnalyst%26page%3D30,Part-time,2024-02-02 11:50:23,Remote
Infoorigin inc,$27.12 - $61.00 a Hourly,2024-02-02T00:20:23Z,Data Analyst,"Richmond, VA",bfa72a7135a75fa0,https://www.indeed.com/viewjob?jk=bfa72a7135a75fa0&from=vjs&tk=1hlk7j9rck7bj805&viewtype=embedded&xkcb=SoAX67M3F0HC5RQiL50CbzkdCdPP&continueUrl=%2Fjobs%3Fsc%3D0kf%253Ajt%2528contract%2529%253B%26q%3DData%2BAnalyst%26page%3D30,Contract,2024-02-02 11:50:23,Hybrid/On Site
cloud resources,"$48,723.91 - $113,131.48 a Yearly",2024-02-02T00:20:23Z,Data Analyst,Remote,6d462b18394e6091,https://www.indeed.com/viewjob?jk=6d462b18394e6091&from=vjs&tk=1hlk7j9rck7bj805&viewtype=embedded&xkcb=SoCK67M3F0HC5RQiL50BbzkdCdPP&continueUrl=%2Fjobs%3Fsc%3D0kf%253Ajt%2528contract%2529%253B%26q%3DData%2BAnalyst%26page%3D30,Contract,2024-02-02 11:50:23,Remote
Venn Health Partners,"$80,000.00 - $90,000.00 a Yearly",2024-02-02T00:20:23Z,Business Analyst,"New York, NY 10016",464f30b6eb4ab31e,https://www.indeed.com/viewjob?jk=464f30b6eb4ab31e&from=vjs&tk=1hlk7j9rck7bj805&viewtype=embedded&xkcb=SoCw67M3F0HC5RQiL50HbzkdCdPP&continueUrl=%2Fjobs%3Fsc%3D0kf%253Ajt%2528contract%2529%253B%26q%3DData%2BAnalyst%26page%3D30,Contract,2024-02-02 11:50:23,Hybrid/On Site
OpTech LLC,$35.00 - $48.00 a Hourly,2024-02-02T00:20:23Z,Sr. Business Analyst-Non technical,"Detroit, MI 48210",bffad08fc55b918a,https://www.indeed.com/viewjob?jk=bffad08fc55b918a&from=vjs&tk=1hlk7j9rck7bj805&viewtype=embedded&advn=5855944245337300&adid=420250896&ad=-6NYlbfkN0DP9fosW9IEXaU1TZ3ocreH2vEq1sd-U-IRxHoNdS6RHh4KN6x72onJYKCpWmOPRJId7w48U8OR6P1uw_B0YPXPi3iDa9vsymfCrB8KVjYNjpAIRfW43YmFJci4-xnHss7W7JQYIRB0fm8jeK2-9OfS0jJgB6Nsb43iF5W6zKbSZMH5KccTUh0DMhnqm7bkqoVe736RV3SAsaSsxCI9AJzaqCF322qPJ5eC-m6YNeZ9bZM4qcJAzOCfIxGEdBrQDYT3XNP6KYQHecw2rESQpkNaWXHp2ZOtQfFB5SBkyQrs1eSs_NkXlCm2w_1giXH0vv6ND79nXP87HIBIwSKUtL5XFcrleDmuPBxvAMkbDlkmiqEP7fTv8iWaktVXUQmfgcQECdZYxrtX86GmNIg4JlKj4VukzSpO_b2fs8rl8bSQmL6s6Wwb8bY5O7I8Mqz786u52nxQamJwdvH9BFgnMAz-_nNlISzg_8onBLG54pBIycUvKZdbMddAkBLGP9HQmw-A1IfZvaWmF2urVEGc4ClQU6C6f8fiSb39i3FslZ8yDWz9NJ58vXhJMgyblLA7ZqL3hyMFzFa_AZC4TCI-aEYEHsAjraQLJ0inF4JFeplqW42GjEmkCqUgWhkTwpphI1qM1jzTSWc79A%3D%3D&xkcb=SoBt6_M3F0HC5RQiL50FbzkdCdPP&continueUrl=%2Fjobs%3Fsc%3D0kf%253Ajt%2528contract%2529%253B%26q%3DData%2BAnalyst%26page%3D30,Contract,2024-02-02 11:50:23,Hybrid/On Site
Kforce,$43.00 - $49.00 a Hourly,2024-02-02T00:20:30Z,Business Analyst,"San Antonio, TX 78205",912deafb3e4f95ad,https://www.indeed.com/viewjob?jk=912deafb3e4f95ad&from=vjs&tk=1hlk7jgg9ikqm800&viewtype=embedded&advn=253019782202538&adid=380630471&ad=-6NYlbfkN0C5IatSLh_Ak1q39eQQoPIxD737RW9NeiYGvIRXkrLjEBkC4LI6KweF8V4ozHZ8DEbbCT6SIVNOs9HWHLiweU1XfU0rNPt5-eY6rLc9iDEhpp90U8VucCTzlTmzNIQXxu8wNBVT1sq_80Gbw5jgnJ1KZBCK3VtY9J7bY0x0DiWH-Jvvj-XKAU388wdAmmE7YcUpShM41JvYIOL0yDwmF_NTmc5unpJ_QEc8CfYsg2FIYIPu46CmtZGNVCKlLhH8jZiP4adWhGN9jrJjMfcmuIvGtpPKvnuy3qTSkQlND8vDPtkbI86pz6pHR81ldR1CtUsWLvyF_sWCpVTIIOfgoQN4oi-23YhETJLTFhCaRD1y394H9JgfT1VaXKXZ1NHPDpptVMxJ3IDjgIvGkxbl_625GD-ZjGWqrkZXC1bP9-kSAGJvq-fsfbHa8oRINcsQFcYPvZXrnnJtnKLk1r_6a-SngrniWORHW_4XKVDfwIoOa9xarfMeKGE5gfkrY3L3ZcqZV_chW0Fwj2zL3KzoIyoE2atRHTtAIl9fxhDFq2mKiX8CmQHSIrEXGSNFkJflsMaGCoXASuLP7F9H5C7DDFEvo59Jc91Ovb0pt_oDrZj0TyOzqnl-2UGmwkla-tvETy3WLhLeNpWxfMonHhCrWEeQ2vr0Gq9tCvVDGsuu-xTUNR3-tUBuT4cBkk5hPdqLvxeRCjXF1cSIMUsp28xquClMmiCeG4Zf0qo%3D&xkcb=SoC16_M3F0HByDwSG50JbzkdCdPP&continueUrl=%2Fjobs%3Fsc%3D0kf%253Ajt%2528contract%2529%253B%26q%3DData%2BAnalyst%26page%3D40,Contract,2024-02-02 11:50:30,Hybrid/On Site
Saperelabs,$63.00 - $-1.00 a Hourly,2024-02-02T00:20:30Z,Computer Systems Analyst 2 - 6,"Bethesda, MD 20814",b78d2f54ea7ae9ab,https://www.indeed.com/viewjob?jk=b78d2f54ea7ae9ab&from=vjs&tk=1hlk7jgg9ikqm800&viewtype=embedded&advn=7065445486603646&adid=420239764&ad=-6NYlbfkN0DENkZ2NYOzVvNIR6yPuY36-rDGKkIAEuC2nT6fcLs3wokTyWxycVug9LJWEwjwfdEVSJqVrN3-3cKfG4ljs5_JlOsHy2Cx89Hgp-JMeeAKOZmcEFQ-fXDlFRPE0Ns8kmdq5LsQ30uXo9fc2ey3Xj_19BEomEddGL_bSIwlipEEGwfU3io9-HiDM-zyOQqmHXBB4nrV7FbFPsY9S8m6ewygZO9HSbZ5GJU5ZuS_RYh01RAVyO3rMQndpocoMXbQ0IKo5FKxEp2OnEK9QHJouLaLrKOVCq7fbAhXHVfR5lgGEk3XA5ZBFxlfreFa8mQ34few39KJMX8o09u4Ge7wmZh0GW0RT0OwCYdke-u7bX0N6q156h0eNLolkfjJpmS83IBpjrvkGyiIgttsoAApJoV9UPzpwcuDoXtZd0aCnZZ1PQWMfN8F98g7aKsZk1LT1MrpMV7tiwn-Gy-KODRfqYWcYFI0cLkR76FV0OqIhXr2EuW6ZYT7BQFk5sAJ2a8JGq4YUgthqyt4DQxf40Uw8ABd_HR8eXoFP9AIHcEO5OjHooPrkIUkuHsob46E0cgBU1IE0Xi4aiAQAI4ZqMi35NBDKOoKADg8-e4Jxr8BBF7iJxivmMHWKF4ISzDgKnLr72a65FIov_HRXQ%3D%3D&xkcb=SoAB6_M3F0HByDwSG50IbzkdCdPP&continueUrl=%2Fjobs%3Fsc%3D0kf%253Ajt%2528contract%2529%253B%26q%3DData%2BAnalyst%26page%3D40,Contract,2024-02-02 11:50:30,Hybrid/On Site
Leadstack Inc,$40.00 - $50.00 a Hourly,2024-02-02T00:20:30Z,Data Analyst,"Sunnyvale, CA 94086",131a8b1b111eff14,https://www.indeed.com/viewjob?jk=131a8b1b111eff14&from=vjs&tk=1hlk7jgg9ikqm800&viewtype=embedded&advn=112504098215740&adid=423127489&ad=-6NYlbfkN0AN1DXOJ3XjvJpsorCLbwBX67_Zmbno95PICvIB5GJH1xskRstYT3l8JTzkqyTEolatiR9fcWJYk0V9C0blujm4rG9AE1upQtMSRNaDgENAEm5YoRrQ6gA6wSwTVKYgX2x3dJiPDbSQ91CCgDumXZezQKuGuFZ55nLsCFpCbw5xV2Ih8p_KzV-GmBu2qd8NpRwLqdhFoTKVmCB9hX3SYfyD_3Kj_QIFBJnLbFbPFsdXlCdZR7dtzpWMeDydIaYZZP3VtDc0eBJ5j05w8XclZy2w6hXKloZzAZtYNhOn-wxQxEp3LCUWgx6ar3DuN0SbpAVLn07idPo1IfR81m4kPhfDEtF9-2lmA7V2zi_jA9wpEeK0_HU7BAs3roYKmFCKVJymESx0-sO-U0Ty0q2EFBzuBpv_Mhl21oXsQRaPCV_5Wsr_AE9uhNADLIXfEShMZuJHmTrxXSb2cnZP-3kHqEgXk8A8NOAo5sphMn1L9YYPQlnxob8493m3B4srVzAP5cY9PLhDeQVB04GUlYREEVutgg_y85_YNt3D2UJpG14nX3Jz10COq1fn3cHWhe4ylUjkUvQGZ9GEpBBCAUmdGYUg39zIb6BTwrKh3JWPnzweCHv2WzR6DFP4&xkcb=SoCP6_M3F0HByDwSG50PbzkdCdPP&continueUrl=%2Fjobs%3Fsc%3D0kf%253Ajt%2528contract%2529%253B%26q%3DData%2BAnalyst%26page%3D40,Contract,2024-02-02 11:50:30,Hybrid/On Site
Kforce,$30.00 - $42.00 a Hourly,2024-02-02T00:20:30Z,BI Analyst,"Miami, FL 33132",082eaf0bea48c16b,https://www.indeed.com/viewjob?jk=082eaf0bea48c16b&from=vjs&tk=1hlk7jgg9ikqm800&viewtype=embedded&advn=253019782202538&adid=380630092&ad=-6NYlbfkN0C5IatSLh_Ak1q39eQQoPIxD737RW9NeiYGvIRXkrLjEBkC4LI6KweF0vk9JRHgKW-vStFKeM6b4Av6R1ehg4gu9eJyVTfFWN4QGwE45OZwWi4OdW_4oBgxDWnSuBCBsMkG14YchzHW4mVGp7yPcfU7DmBQuY7u54kQzulW7KiifJaeH8hgesS8HKV-mSJTmu8phmZvvAj_ZaoV5WkiY1jze9qA97nDpz340ABGFEpCzP9aYlyN3uigt01N48XEr1_0da_TTTppac4JMFseu3dfqzr-VXSOngnvZSbCJ3jWN8TD7GM6kMs41u5OcOv_OpxPoT6vIPHIOnu8R6a0msa0-m8DU45nbzD4yd0UPPd7_rhKWIASMRB6Pq8judTV_vqh6JZs3NvCiHrVls2j4IuEBWkgviv8n05wdYkGjMy2UbHLY7ebXxSo_tB2Tx_amMSrf90CGuirdOnJsOU3Qdzm9pD17rbFgghsAhtdkWt15G2bUztVlKncMVVFBpwE4HHCgTbTA7j9wLkWV3T_JPGw1xy2yTL78ghh0HtHUlTR6l9Iav_u82crOUPK0Vn2jKJkhBFxh1oNokH6qAVd7ObGVMhZbBpJd-qCrFvBcXfKlK6gfLABbo9utrd1fJh6m9v1sLnd332KdyuwO_--c7CXAr-moVu4hHtrB--xHukZoUzkdrvzBADMtW7GI83uoG2Yjdo-eE4150_963_0m8KB&xkcb=SoA76_M3F0HByDwSG50ObzkdCdPP&continueUrl=%2Fjobs%3Fsc%3D0kf%253Ajt%2528contract%2529%253B%26q%3DData%2BAnalyst%26page%3D40,Contract,2024-02-02 11:50:30,Hybrid/On Site
Robert Half,$35.00 - $45.00 a Hourly,2024-02-02T00:20:30Z,Data Analyst,"Golden Valley, MN 55422",97a3d57811017b20,https://www.indeed.com/viewjob?jk=97a3d57811017b20&from=vjs&tk=1hlk7jgg9ikqm800&viewtype=embedded&advn=808876208185647&adid=413460509&ad=-6NYlbfkN0CpzDdaQkua3np5pkmj49lKioZwmwxQ-yx5plwbYmV_M1zEVPt0O_TSLWi2N8CY3za88v0J-p-F-PgA1B4c7YmDjuDvpzJvqcLVRpkfxkGXv_VCVexo4BfwL5EZYu-ZlNd5DlhurvwI2QzmE4Kn6zXR5X0j2phbVugQCzczzsiS_SBgnaq6x_ow7y4Khg1Ahs3KZEjr_cy2375Da21xMbwErbcqT9k7vZgCdSM6FJWjh67iSiPwYo679JWnEnjOkRbuYPdRPGiZb6OjzCjZjuzZu2QVf9AiRH_OT6oAaD6m783QiK8nKw8AMIz-JQn-rhV4p4io7CVcu0lJhvZX0oPmZIqrm51jiybbOxXDEMa5ExuQ_7QhusWCTnUiO-KgQwZQpBgCHTe_tx9U6-7O1_j9PV9eHFnCwXkC1qljirO5EBSx8aJIZko2F0-QGUNFTPSpCR61Nfiv6GwN599a2Gd0sNHWrtLknKxbogbhJFDcKCshbQEnh8U5OFdLBUjlJFDU3p-FQbWqTMGYQK7YfA0SVUnq9jDaNNFw2aJjdtwirrfWxxCn6ZCz-dHDtbVpA37gZ4xyszD9759j_zgIg4RH5jGmyEEMaePbptyPpVYXaOx5d0eXx567GrKVVXWi7cqDRaQEIwtm6LrWVDEgXUVO9Lj70ADTrLIGjSwx6FIwCdGt1CI-eBaqdN4AAHCe7K4%3D&xkcb=SoCm6_M3F0HByDwSG50NbzkdCdPP&continueUrl=%2Fjobs%3Fsc%3D0kf%253Ajt%2528contract%2529%253B%26q%3DData%2BAnalyst%26page%3D40,Temporary,2024-02-02 11:50:30,Hybrid/On Site
APR Consulting Inc,$0.00 - $52.56 a Hourly,2024-02-02T00:20:30Z,Telecom Business Analyst,"Basking Ridge, NJ 07920",3e6569bdc6ad2aa3,https://www.indeed.com/viewjob?jk=3e6569bdc6ad2aa3&from=vjs&tk=1hlk7jgg9ikqm800&viewtype=embedded&advn=8819005729205377&adid=424327189&ad=-6NYlbfkN0DKYEYS6AaSgPeXyWAkdM8_YPNZv0Ej8KjQCXpwSuT3KFV7aZCYWXjdvLCP9vjwpgeEmPfFdWIVUNwm35GCftHy4K4yfFd9oD9VuDH2P0N2J1tW-7TQpxR1Zez9x9FgcgXs67wuMtQQvqiYDXhORaK9AwGa_197sozGQ3t9IWMZ5Sp2MnwRkcGKKCEc8j14kCSPqP4f9dVIYmoJqwGm5aP7wFgchGDBfGP8Lwy6Ew79pQzgyH9EzX9OWKSzJpHXluMmary_Gxu4h-OqUEnj6IU76k6dUee-KeNTXZgxWbe80_ntD4NNfF47MlCPzEwYpT8UMsP48fjriZLo7l3EK8nRJ6KTQqJwlAoUenxT7ZGY0WIvQX1q6iIe_xyEtulzTOJPuwWdGs2NuHcXIXJ9k2bU25GA2JXB4jollSx3EoVGLKQLAbgFyJygjdvn6ClOI6hrAPSIERsJgMLEF_CXURqrv8f7bHLa-KSSou1hlHsqGXU18xRAB2YPygeM52oClA9emDlgACDvyZetvGJ7JJINaxgqjhk7buj6eBanH1JyXgQr4ZNRbQW0NVyyxxezQq2i92or6rYD4AfMD-_vDjM8vbSJznrZVtsoqoTiWK22WwR_bN5HzQ-K8gpg7N7tQ3ddoV_0oxOiR7aZOOJ_aA5nEH5OU6ntClBnwX0Y3Fg6a_7FnQIF5mtryETmiLcv0GZcXcXjkjiA6w%3D%3D&xkcb=SoAS6_M3F0HByDwSG50MbzkdCdPP&continueUrl=%2Fjobs%3Fsc%3D0kf%253Ajt%2528contract%2529%253B%26q%3DData%2BAnalyst%26page%3D40,Contract,2024-02-02 11:50:30,Hybrid/On Site
"GTT, LLC",$60.00 - $65.00 a Hourly,2024-02-02T00:20:30Z,Business Analyst (Remote),"Mount Laurel, NJ 08054",d8a0d839740e92d8,https://www.indeed.com/viewjob?jk=d8a0d839740e92d8&from=vjs&tk=1hlk7jgg9ikqm800&viewtype=embedded&advn=813268777041816&adid=416085447&ad=-6NYlbfkN0Ci6abQPzZtnlIzpaPsmGvPJW6fwVsgLRdzrRle_KK1bJRd15Dztc0DTMWy20-b8Oz39umnGyU_FmIpKBM7sAMem_DAGHfcUGjNhcyH6q755FVwJkPoUapYPATu1JCSPJxzSTB39q5HnE4496MzoSHm9q7iS6SVz-HNZ_SrO-fUomkeP0PUUdt7LW_CepoIU0k8JKxRnPNA956NrTmmrnLu5p63R8fLYoengRD1SPQwy71tlF6hZySIqiqUD8qh-PRmpr_BqBynocKA6nKw1Mz-lOBpYa7AzjYRVDmIhQo3nqO-7619RI5gX9s_U4May8Um7toKXntdu22PgyrwfYDdulKTxrQLJFJJRUDawvOp3SZd_ZdMZJfIEq7h34cewv7iUxpiXjjDfW-BLd7U5jLU-DUECDABQQ2lbM6P8cJQAD14yyZ3GnLkF4kIgO0CMospH2glRsJxjdiEO3yJ12rEFKlEsIp-vH9zT-PdcVr3QvlczxQihZBf1ZPLfSJ0hyj17ewgmMcVi-PKQtU7GIx-2LnEydyoHTsjiIKlk5L7a0uvjbtU_zkgSDD6kA9elOIJKTqdwMsbJxzJ7aPPbVWrhQ-jQCpQtiZWyRqnTCX5YJ577c9TfXTqm9K_dolKCJAgqmxIZ81DywRw8F39tuMlZ39GNl2CaOpCHp89woWJwsF23ym3rTL6JGOoBq7tuF9Uz13s-d9kJ_bMwYu2pCk9bYTJewsYGAdJ_MdNqZsRoC1bWHRLYLudv_x7gD6k_hS8lSxK75n-pMtP6TDOioTraZeED9LB8maEb9_Dv7aRMBPBDtfeeYvpH6shWRecHvtikIY0ZRBWCCkkgvhKZ7KwWPvLCenh1adAKyf1-wFT7o5X53Ms5cKV_bQn9HwKSHxPOSrfaK2S8kTQxuqL2xgU92u2zJyH-691j8AhR1fl_Ss71y1vZZ134Fcg5rdePoQAdfnFLCjEf4pIkDEoJE2k1uKEJi-_mWiTwwtxayb5ql29CYKAEwh35C9b8L07_9B_a-H4d05Vq4Vds4D6K8mjlHmId7lB7niyXpek94SI0w02fvoDAA7alBApcA-OTNX0ak0jBwaxDCltA6x37wwS5kkWicKN9Io45vZONMv9g8a0C3Ixs0m6&xkcb=SoBP6_M3F0HByDwSG50CbzkdCdPP&continueUrl=%2Fjobs%3Fsc%3D0kf%253Ajt%2528contract%2529%253B%26q%3DData%2BAnalyst%26page%3D40,Contract,2024-02-02 11:50:30,Hybrid/On Site
iSpeed Group llc,"$74,465.00 - $80,906.00 a Yearly",2024-02-02T00:20:30Z,Data Analyst,Remote,1de8a92497457ed4,https://www.indeed.com/viewjob?jk=1de8a92497457ed4&from=vjs&tk=1hlk7jgg9ikqm800&viewtype=embedded&xkcb=SoAm67M3F0HByDwSG50BbzkdCdPP&continueUrl=%2Fjobs%3Fsc%3D0kf%253Ajt%2528contract%2529%253B%26q%3DData%2BAnalyst%26page%3D40,Part-time,2024-02-02 11:50:30,Remote
Infoorigin inc,$27.12 - $61.00 a Hourly,2024-02-02T00:20:30Z,Data Analyst,"Richmond, VA",bfa72a7135a75fa0,https://www.indeed.com/viewjob?jk=bfa72a7135a75fa0&from=vjs&tk=1hlk7jgg9ikqm800&viewtype=embedded&xkcb=SoCS67M3F0HByDwSG50AbzkdCdPP&continueUrl=%2Fjobs%3Fsc%3D0kf%253Ajt%2528contract%2529%253B%26q%3DData%2BAnalyst%26page%3D40,Contract,2024-02-02 11:50:30,Hybrid/On Site
Openmind Technologies,$60.00 - $70.00 a Hourly,2024-02-02T00:20:30Z,Data Analyst,Remote,c7888927e03bab76,https://www.indeed.com/viewjob?jk=c7888927e03bab76&from=vjs&tk=1hlk7jgg9ikqm800&viewtype=embedded&xkcb=SoAc67M3F0HByDwSG50HbzkdCdPP&continueUrl=%2Fjobs%3Fsc%3D0kf%253Ajt%2528contract%2529%253B%26q%3DData%2BAnalyst%26page%3D40,Contract,2024-02-02 11:50:30,Remote
workcog,$60.00 - $75.00 a Hourly,2024-02-02T00:20:30Z,Data Analyst,"McLean, VA 22102",ad2821363207b9f7,https://www.indeed.com/viewjob?jk=ad2821363207b9f7&from=vjs&tk=1hlk7jgg9ikqm800&viewtype=embedded&xkcb=SoCo67M3F0HByDwSG50GbzkdCdPP&continueUrl=%2Fjobs%3Fsc%3D0kf%253Ajt%2528contract%2529%253B%26q%3DData%2BAnalyst%26page%3D40,Contract,2024-02-02 11:50:30,Hybrid/On Site
American business solutions inc,"$68,499.57 - $86,735.71 a Yearly",2024-02-02T00:20:30Z,Data Analyst,"Richmond, VA 23173",5e68d0790198b1ea,https://www.indeed.com/viewjob?jk=5e68d0790198b1ea&from=vjs&tk=1hlk7jgg9ikqm800&viewtype=embedded&xkcb=SoA167M3F0HByDwSG50FbzkdCdPP&continueUrl=%2Fjobs%3Fsc%3D0kf%253Ajt%2528contract%2529%253B%26q%3DData%2BAnalyst%26page%3D40,Contract,2024-02-02 11:50:30,Hybrid/On Site
TEKsystems,$40.00 - $50.00 a Hourly,2024-02-02T00:20:38Z,Compensation Analyst,"Long Beach, CA 90745",168b0a435c3443e7,https://www.indeed.com/viewjob?jk=168b0a435c3443e7&from=vjs&tk=1hlk7jn02jte0801&viewtype=embedded&advn=3221643616900566&adid=425823684&ad=-6NYlbfkN0AuKz8EBO1xHDEL7V2YF9xF3dC_I9B9i-Zw2Jh8clPMK02EZZItVJnBuBjudhETrRHOdKDCN7iA8MrUS7gZXwdvEbYoFxtKFNuu3mRey8_sb8lWFJBA_MiAdAiMxeqXusWCGZ-oG6Htl62dtaW8ICGSX1ZTP7tG9xl5yj5KVSwjQTfFngvMEyDrhFRpiISZV-KJByfgS-O1aUG-Z_HXK1W5lpJEuGWDVW55CkOaSnow4Cf5KZ4PpWclNNyrh0NZpNKytGBq3Hu0iXYtHLhNgBuJOPiu77GACzgMHArtVITK9mv9BGnI-kR6_deNBBsJ52AHhSbEkFPAL6gf8EDcCYeZ7pOCu-JbYzoZIbQj6cnDADgyy-dKx4k8z44VUeHvq2CIi5zWBr1poKEzxLbWGDr2u-dLFmeQoYk1wXBiKk7YdvCSZksYjB3E_B9ldJiDCMYlJW7KwFS9GZTFv7kZBuUX5kukcDG9Q565PwSEj1_PRLhbskYFyuKsWgbg6nUUIiObfRTxRDar5evEv-o3GRP4YwGit1dwXcDjvyzlcdD17fQPVG5P9YbPspHbC85RPDHlLbRpZfaOzdRNGk--waWa421WySQ6P9J1-2STtDrIzgfn6uF_nhj8F1XeuGb1f8uWMX6AZD28jfrVNwij2oQBkMzWyD6IC2IhWv80dgZnFDBNE0_TasfmUxPjN-RFXfdxycsztsjHkDhvZXoht9PhxRnWsT-vElhiF5V0QzaTr05oXvVyOq9-Iv09ZMtlpEgOVyzklYGuKnj0n9eXgSdLu4Q2qchr9_ueB6qDdOkoLZx_6lldOCBOAf1dfkIZYoyZX03QV_DyG07v2irTJWo19Abm_lNVA0fA6wn9OtI15nRWbk7CJyygjkgQNT6cZOL2Qc6w9WUNTJ6_nR5Z-03rTi1tClyHjBh1fUfgtlqWv5OsmomFV1EX0AG8j-odUlrxO-ZnSS7eOrf4nXtVxYPGanRn353brmeNyMd-cT30DvGk_rKGgk1RI21YzuUKVzfSGv-UGuI54uXMMFHshnWBrkgrvir1n5n9Wwi7J8ArUxcEC8skLNWXmEAj4DmqwfGSa_rHUZVSjapnCjD-wh9JcBP3Cud05zA1_rKC1VlxdaTjDC-kRuh3&xkcb=SoDc6_M3F0HBOAANOD0LbzkdCdPP&continueUrl=%2Fjobs%3Fsc%3D0kf%253Ajt%2528contract%2529%253B%26q%3DData%2BAnalyst%26page%3D50,Contract,2024-02-02 11:50:38,Hybrid/On Site
Leadstack Inc,$40.00 - $50.00 a Hourly,2024-02-02T00:20:38Z,Data Analyst,"Sunnyvale, CA 94086",131a8b1b111eff14,https://www.indeed.com/viewjob?jk=131a8b1b111eff14&from=vjs&tk=1hlk7jn02jte0801&viewtype=embedded&xkcb=SoCc67M3F0HBOAANOD0KbzkdCdPP&continueUrl=%2Fjobs%3Fsc%3D0kf%253Ajt%2528contract%2529%253B%26q%3DData%2BAnalyst%26page%3D50,Contract,2024-02-02 11:50:38,Hybrid/On Site
Experis,$60.00 - $75.00 a Hourly,2024-02-02T00:20:38Z,Sr. Data Analyst,"Greenwood Village, CO 80111",cac055d6f6dc0a3d,https://www.indeed.com/viewjob?jk=cac055d6f6dc0a3d&from=vjs&tk=1hlk7jn02jte0801&viewtype=embedded&advn=7107834286822887&adid=416366958&ad=-6NYlbfkN0AEFElgJvH0khGA9zFQnp2BxzQ0kZOw7TdbpWENTeb18Nxbg4z4vP9DnAuGUsg_7P0f9QTkDyIUoM3KTCqTAVmqPbM3GVhPAK5hzj8ixf11ezAg83qsMxPkJdM1DY3Mi7ltk13g7Gm-b56mbTVF20FV546zJ6tuTq7CBAgHl0wYzuR4T5ehigmhIGjP9tbBg8qewBSPBa0nDNzPFlzBEVo2eXlGersmqIAAYVf6vgyuwPTEe04FYaHJTnfU1N75W7DXCE1TYO9SgXhz7qVtXx9jSm-JI75-g7nZWTcSKLJl63pjkuyM7VS5bADwpi-7q07Jkp7Ldy5D3qFUZEZuEClkIZJ7RsyJ-79CXlY_-E0urB1iczOsVgt8zfenZT5NtJpdMpqd4CEPcGN1UQZqtq6MF6pV95AaQ2YD_1cpruO_SvGaBZ4hiWI0kqi_P30h40RovMX-H1xUbWrnXBB8MOIPukhYmXoKD1YTSHfTuSZ5g8qcKRT56e-g0sGug6OtXzxbptvXLSAPoMJ28pBD-GWN-sIuVkr-XK5_vPHLySs8r2NpLFLkgo-YioIeQ1bWo0M-i9qLuDomhmDRQUhfhkcy5tlAve7f2mS9lgYOzVIYtg%3D%3D&xkcb=SoD16_M3F0HBOAANOD0JbzkdCdPP&continueUrl=%2Fjobs%3Fsc%3D0kf%253Ajt%2528contract%2529%253B%26q%3DData%2BAnalyst%26page%3D50,Contract,2024-02-02 11:50:38,Hybrid/On Site
Atlas,$90.00 - $100.00 a Hourly,2024-02-02T00:20:38Z,Scientific Business Analyst,"Tarrytown, NY 10591",cce9bde45131cdb8,https://www.indeed.com/viewjob?jk=cce9bde45131cdb8&from=vjs&tk=1hlk7jn02jte0801&viewtype=embedded&advn=9204108930614094&adid=420250063&ad=-6NYlbfkN0DFt5CLWch_-uKpf_0Ky8M_iFaKSU6X2cPjQwIk2lGN2xtd-XSd2vFq47PYS_DTBw1vL2caUQi87idHjHMXXp5qd8BeW_Uq6dqq6w06mRa0txm9KrMcLsnwwuSErDHixwF4TDapK10GhA0JtjLTeKhowWx8EYRhpOAsWrdPD0FllKl0c8Kkgx1zvQS5x8sdEWY9vgjV2L60TjwjiFiwL4wrCrbGuTMJGwDBmh1655B3ua4W95ZkK8TFe90n4lB20mABnnDBdM3FJnt7UMNFJtQxnA0k5QYI-3LbfZVJUg9un9S-JDx7J-dEp7VXf6tqXlktMM6jHciLyPHJqDgxJsrQb4nzhPkft3Xw4z35RKJSSyi_mI9VMFwH1nSqyKsawplEBfzp2zNzrl0gK4QvKPLVKZossjw57nZiyXlz3yQrF-D87XhaRNDBikMjsLqfim0ImZVI-N9SYjMf6bxNsOCWNp0WYKiMblz-gsQNWjqSUr21XQCcXO_7EzHQ4KGbSQNO9WB50iGHvo_se2kvwKYUz39Q66iMym7_8Ak2EAx6uPuoB6L2CicCAAKfLePVLOnqgD7GEtZ1QmMRPs5NbeliUyLrjj0NsjuZy1kexxXMarNI9fpFw4eMF5vvxqJSN-DaRMXfZ_lnkxyZpePpDMFs&xkcb=SoDP6_M3F0HBOAANOD0PbzkdCdPP&continueUrl=%2Fjobs%3Fsc%3D0kf%253Ajt%2528contract%2529%253B%26q%3DData%2BAnalyst%26page%3D50,Contract,2024-02-02 11:50:38,Hybrid/On Site
Openmind Technologies,$60.00 - $70.00 a Hourly,2024-02-02T00:20:38Z,Data Analyst,Remote,c7888927e03bab76,https://www.indeed.com/viewjob?jk=c7888927e03bab76&from=vjs&tk=1hlk7jn02jte0801&viewtype=embedded&xkcb=SoAS67M3F0HBOAANOD0NbzkdCdPP&continueUrl=%2Fjobs%3Fsc%3D0kf%253Ajt%2528contract%2529%253B%26q%3DData%2BAnalyst%26page%3D50,Contract,2024-02-02 11:50:38,Remote
iSpeed Group llc,"$74,465.00 - $80,906.00 a Yearly",2024-02-02T00:20:38Z,Data Analyst,Remote,1de8a92497457ed4,https://www.indeed.com/viewjob?jk=1de8a92497457ed4&from=vjs&tk=1hlk7jn02jte0801&viewtype=embedded&xkcb=SoBP67M3F0HBOAANOD0DbzkdCdPP&continueUrl=%2Fjobs%3Fsc%3D0kf%253Ajt%2528contract%2529%253B%26q%3DData%2BAnalyst%26page%3D50,Part-time,2024-02-02 11:50:38,Remote
"Intratek Computer, Inc.",$0.00 - $65.00 a Hourly,2024-02-02T00:20:38Z,Business Analyst,"Orange, CA 92868",d783330a47face4a,https://www.indeed.com/viewjob?jk=d783330a47face4a&from=vjs&tk=1hlk7jn02jte0801&viewtype=embedded&xkcb=SoD767M3F0HBOAANOD0CbzkdCdPP&continueUrl=%2Fjobs%3Fsc%3D0kf%253Ajt%2528contract%2529%253B%26q%3DData%2BAnalyst%26page%3D50,Contract,2024-02-02 11:50:38,Hybrid/On Site
ASK Staffing Inc,$0.00 - $35.71 a Hourly,2024-02-02T00:20:38Z,eCommerce Data Analyst,"Austin, TX 78727",42a7c6a6a70ec302,https://www.indeed.com/viewjob?jk=42a7c6a6a70ec302&from=vjs&tk=1hlk7jn02jte0801&viewtype=embedded&advn=620663406855562&adid=395110668&ad=-6NYlbfkN0BmH1Tp-1XDqUbIZRsnS3eb57HzgAJvZBJA5afrbufDlmQ0ZaiGUo8bHTR5GpXpmkjxbVEFMZS-vzbLuJ4zyRX5r-eAgDfTDHJlrtkkKfw5FSQ9AroycdjJXz4LqfEeLEt3MulypTkhnJ3vhCacD9EbDPvaYopIwN1bgf0xx4tZ8jg7HLSThhRXiVnmB3IvsIPoF_Scx7fe3Sts6FxS8KQJ9gkqYt3J-8GxMHLeJ8lIKfz8NbgsNseAvsvqS65wvJ7nLrzoiTFNtgGiCuBqbYy4592CN25VyVqPFmGDKUsaUdEMZSNruwc34FnX2rb9J8qkjfH1y980vMOz4mr3S64CrsUt8qleceRfEbD-BS1PTms7Dgox4YP_O7oVacZ_dn0OmZeA5ovT_TfKO6e56SkkYHf1eS0hWt31wAlG4hVlvyfJb3hQBMyUeV_MH45mI38qh2Pz9XIlyFDqGEwXswCO09EOO4a0yRsWkdhtMHd7-paeBUxCBWdrzc1K-LsQf6Trubo_TCF2izFY16mBVmnjU75jotaTbi6gpwOlQv_A9GvYNqlKNYsYHoHSriO2Uyy2B5ZLiFbsBpNmIRsuTZTZQn2TkhgGkBiCIh2hvzFVIJVNAVIoISNUkShrHq33b6m0dTwmPsjYiOvaSlioUpQktCPds-ol8xg%3D&xkcb=SoCS6_M3F0HBOAANOD0BbzkdCdPP&continueUrl=%2Fjobs%3Fsc%3D0kf%253Ajt%2528contract%2529%253B%26q%3DData%2BAnalyst%26page%3D50,Contract,2024-02-02 11:50:38,Hybrid/On Site
Amazon,"$57,210.76 - $72,441.57 a Yearly",2024-02-02T00:20:38Z,Data Analyst II (Contingent),"Palo Alto, CA",4910cfe1f4569ab5,https://www.indeed.com/viewjob?jk=4910cfe1f4569ab5&from=vjs&tk=1hlk7jn02jte0801&viewtype=embedded&xkcb=SoDS67M3F0HBOAANOD0AbzkdCdPP&continueUrl=%2Fjobs%3Fsc%3D0kf%253Ajt%2528contract%2529%253B%26q%3DData%2BAnalyst%26page%3D50,Contract,2024-02-02 11:50:38,Hybrid/On Site
Technology Support Specialist,$35.00 - $54.00 a Hourly,2024-02-02T00:20:38Z,Data and Reporting Analyst,"Santa Ana, CA 92707",8f0a536449a414fe,https://www.indeed.com/viewjob?jk=8f0a536449a414fe&from=vjs&tk=1hlk7jn02jte0801&viewtype=embedded&xkcb=SoBc67M3F0HBOAANOD0HbzkdCdPP&continueUrl=%2Fjobs%3Fsc%3D0kf%253Ajt%2528contract%2529%253B%26q%3DData%2BAnalyst%26page%3D50,Contract,2024-02-02 11:50:38,Hybrid/On Site
cloud resources,"$48,723.91 - $113,131.48 a Yearly",2024-02-02T00:20:38Z,Data Analyst,Remote,6d462b18394e6091,https://www.indeed.com/viewjob?jk=6d462b18394e6091&from=vjs&tk=1hlk7jn02jte0801&viewtype=embedded&xkcb=SoDo67M3F0HBOAANOD0GbzkdCdPP&continueUrl=%2Fjobs%3Fsc%3D0kf%253Ajt%2528contract%2529%253B%26q%3DData%2BAnalyst%26page%3D50,Contract,2024-02-02 11:50:38,Remote
Robert Half,$20.00 - $23.00 a Hourly,2024-02-02T00:20:38Z,Business Analyst,"Des Plaines, IL 60018",5178963e59ca80d5,https://www.indeed.com/viewjob?jk=5178963e59ca80d5&from=vjs&tk=1hlk7jn02jte0801&viewtype=embedded&advn=808876208185647&adid=413460502&ad=-6NYlbfkN0CpzDdaQkua3np5pkmj49lKioZwmwxQ-yx5plwbYmV_M1zEVPt0O_TSZV9cNMBPIafFBLcO_k7MBnZxCjIt2hw-z7q1Q1Opw3SH-YrQ7Otsgg73EENVb83pc0YHzgFhUvZevJblbtIFbbYb9N3vSAqqGV81336NR0mGN_IeLaDzIokcZaxYGm8IErj7m6bNmhtbP4mqyWHpxBlBVm-tCYTFwIKHaBMx69P07fJwFAFwDDPsfOlvPHXij9IQNyJI128yDB_-aPSq8BA3Y_wnTvfw3_6NDNZUMaDDdeLAgzQCMXyqEFmtuEBquTm1ZHo6j3GtabYMWu8YgrOBsCqCTyL5dOyH20CzsucBsqDwLTXhOq803BpeCDNlnBFuT6z6eWhFPHf4L1ndKvmIo_Xc-vP-h_jtMo__e83BUSdHHcOX6mw9VoWoZV6e5rfPSAPZfSUR8gynVZjgrHBu4f9XNMoWT_Mw__uh-Hq5CSK3fmtNuABfD1RZAFQDPsJU0oEiNvdIDNQw-acAW9T6jFLkXi2pp1hlS6agF0WzYKT8mMDNR8Y6jMviVNNg0ENKGIqBo59LV0YMsbog3BY2w88yjFSuO4XmwiBy9dEoBtfDkVZH6QC6xzMzyJdZNZ0nvH35OJmZiFnemvmkznTtg21IaPYXzWK5GDCNJ0UekTGI2cybnVlywfVPfrGcLB-zOB7-1lM%3D&xkcb=SoCB6_M3F0HBOAANOD0FbzkdCdPP&continueUrl=%2Fjobs%3Fsc%3D0kf%253Ajt%2528contract%2529%253B%26q%3DData%2BAnalyst%26page%3D50,Temporary,2024-02-02 11:50:38,Hybrid/On Site
Wells Fargo,,2024-02-02T00:20:45Z,Data Analyst (contract),"Charlotte, NC",82f1543c12a57ddf,https://www.indeed.com/viewjob?jk=82f1543c12a57ddf&from=vjs&tk=1hlk7jup8g0l6803&viewtype=embedded&xkcb=SoCG67M3F0HABxQjh50KbzkdCdPP&continueUrl=%2Fjobs%3Fsc%3D0kf%253Ajt%2528contract%2529%253B%26q%3DData%2BAnalyst%26page%3D60,Contract,2024-02-02 11:50:45,Hybrid/On Site
Capgemini,"$80,264.04 - $101,632.16 a Yearly",2024-02-02T00:20:45Z,Data Analyst,"Waukesha, WI",135a4557c21d7660,https://www.indeed.com/viewjob?jk=135a4557c21d7660&from=vjs&tk=1hlk7jup8g0l6803&viewtype=embedded&xkcb=SoAb67M3F0HABxQjh50JbzkdCdPP&continueUrl=%2Fjobs%3Fsc%3D0kf%253Ajt%2528contract%2529%253B%26q%3DData%2BAnalyst%26page%3D60,Contract,2024-02-02 11:50:45,Hybrid/On Site
Amazon,"$57,210.76 - $72,441.57 a Yearly",2024-02-02T00:20:45Z,Data Analyst II (Contingent),"Palo Alto, CA",4910cfe1f4569ab5,https://www.indeed.com/viewjob?jk=4910cfe1f4569ab5&from=vjs&tk=1hlk7jup8g0l6803&viewtype=embedded&xkcb=SoCv67M3F0HABxQjh50IbzkdCdPP&continueUrl=%2Fjobs%3Fsc%3D0kf%253Ajt%2528contract%2529%253B%26q%3DData%2BAnalyst%26page%3D60,Contract,2024-02-02 11:50:45,Hybrid/On Site
Cartier,"$58,996.16 - $74,702.29 a Yearly",2024-02-02T00:20:45Z,V.I.E - Regional Data Analyst - Miami,"Miami, FL",f20ab69f8a4ea3ff,https://www.indeed.com/viewjob?jk=f20ab69f8a4ea3ff&from=vjs&tk=1hlk7jup8g0l6803&viewtype=embedded&xkcb=SoAh67M3F0HABxQjh50PbzkdCdPP&continueUrl=%2Fjobs%3Fsc%3D0kf%253Ajt%2528contract%2529%253B%26q%3DData%2BAnalyst%26page%3D60,Contract,2024-02-02 11:50:45,Hybrid/On Site
Ampcus Incorporated,"$91,257.66 - $115,552.53 a Yearly",2024-02-02T00:20:45Z,Production Support Data Analyst SR-590500,"Purchase, NY",071990ad92bbe2b5,https://www.indeed.com/viewjob?jk=071990ad92bbe2b5&from=vjs&tk=1hlk7jup8g0l6803&viewtype=embedded&xkcb=SoCV67M3F0HABxQjh50ObzkdCdPP&continueUrl=%2Fjobs%3Fsc%3D0kf%253Ajt%2528contract%2529%253B%26q%3DData%2BAnalyst%26page%3D60,Contract,2024-02-02 11:50:45,Hybrid/On Site
PCG INTERNATIONAL INC,"$61,964.42 - $78,460.77 a Yearly",2024-02-02T00:20:45Z,Data Analyst,United States,3c525a2fb37462f3,https://www.indeed.com/viewjob?jk=3c525a2fb37462f3&from=vjs&tk=1hlk7jup8g0l6803&viewtype=embedded&xkcb=SoAI67M3F0HABxQjh50NbzkdCdPP&continueUrl=%2Fjobs%3Fsc%3D0kf%253Ajt%2528contract%2529%253B%26q%3DData%2BAnalyst%26page%3D60,Contract,2024-02-02 11:50:45,Hybrid/On Site
UC San Diego,$29.60 - $35.13 a Hourly,2024-02-02T00:20:45Z,Research Data Analyst 1,"San Diego, CA",43d7bc3ebd0668a1,https://www.indeed.com/viewjob?jk=43d7bc3ebd0668a1&from=vjs&tk=1hlk7jup8g0l6803&viewtype=embedded&xkcb=SoC867M3F0HABxQjh50MbzkdCdPP&continueUrl=%2Fjobs%3Fsc%3D0kf%253Ajt%2528contract%2529%253B%26q%3DData%2BAnalyst%26page%3D60,Contract,2024-02-02 11:50:45,Hybrid/On Site
TRA'BIAN ENTERPRISES,"$69,543.17 - $88,057.16 a Yearly",2024-02-02T00:20:45Z,(5) Data Analyst / Data Scientist,Remote,98aba3bf29879d59,https://www.indeed.com/viewjob?jk=98aba3bf29879d59&from=vjs&tk=1hlk7jup8g0l6803&viewtype=embedded&xkcb=SoBV67M3F0HABxQjh50DbzkdCdPP&continueUrl=%2Fjobs%3Fsc%3D0kf%253Ajt%2528contract%2529%253B%26q%3DData%2BAnalyst%26page%3D60,Contract,2024-02-02 11:50:45,Remote
STAND 8,$55.00 - $62.00 a Hourly,2024-02-02T00:20:45Z,DATA ANALYST,"Alpharetta, GA",23b4b9ac9afd78ee,https://www.indeed.com/viewjob?jk=23b4b9ac9afd78ee&from=vjs&tk=1hlk7jup8g0l6803&viewtype=embedded&xkcb=SoDh67M3F0HABxQjh50CbzkdCdPP&continueUrl=%2Fjobs%3Fsc%3D0kf%253Ajt%2528contract%2529%253B%26q%3DData%2BAnalyst%26page%3D60,Contract,2024-02-02 11:50:45,Hybrid/On Site
BNY Mellon,"$61,020.83 - $77,265.97 a Yearly",2024-02-02T00:20:45Z,Business Analyst I (Non - IT) (contract),"Pittsburgh, PA 15219",e1e74d2051cafd35,https://www.indeed.com/viewjob?jk=e1e74d2051cafd35&from=vjs&tk=1hlk7jup8g0l6803&viewtype=embedded&xkcb=SoB867M3F0HABxQjh50BbzkdCdPP&continueUrl=%2Fjobs%3Fsc%3D0kf%253Ajt%2528contract%2529%253B%26q%3DData%2BAnalyst%26page%3D60,Contract,2024-02-02 11:50:45,Hybrid/On Site
Campaign Stars,"$46,223.67 - $58,529.46 a Yearly",2024-02-02T00:20:45Z,MARKETING DATA ANALYST (FREELANCE),"Oakland, CA",d97eac11ded56b47,https://www.indeed.com/viewjob?jk=d97eac11ded56b47&from=vjs&tk=1hlk7jup8g0l6803&viewtype=embedded&xkcb=SoDI67M3F0HABxQjh50AbzkdCdPP&continueUrl=%2Fjobs%3Fsc%3D0kf%253Ajt%2528contract%2529%253B%26q%3DData%2BAnalyst%26page%3D60,Part-time,2024-02-02 11:50:45,Hybrid/On Site
Intone Networks,"$109,939.85 - $139,208.34 a Yearly",2024-02-02T00:20:45Z,Data Analyst,"Quincy, MA",5e111d82dcf391cb,https://www.indeed.com/viewjob?jk=5e111d82dcf391cb&from=vjs&tk=1hlk7jup8g0l6803&viewtype=embedded&xkcb=SoBG67M3F0HABxQjh50HbzkdCdPP&continueUrl=%2Fjobs%3Fsc%3D0kf%253Ajt%2528contract%2529%253B%26q%3DData%2BAnalyst%26page%3D60,Contract,2024-02-02 11:50:45,Hybrid/On Site
Intone Networks,"$104,779.97 - $132,674.78 a Yearly",2024-02-02T00:20:45Z,Data Systems Analyst,Remote,98ff7c98feb545c2,https://www.indeed.com/viewjob?jk=98ff7c98feb545c2&from=vjs&tk=1hlk7jup8g0l6803&viewtype=embedded&xkcb=SoDy67M3F0HABxQjh50GbzkdCdPP&continueUrl=%2Fjobs%3Fsc%3D0kf%253Ajt%2528contract%2529%253B%26q%3DData%2BAnalyst%26page%3D60,Contract,2024-02-02 11:50:45,Remote
Surya Systems,$0.00 - $85.00 a Hourly,2024-02-02T00:20:45Z,Data Analyst,"San Francisco, CA",bc3d4f1bce65d7d1,https://www.indeed.com/viewjob?jk=bc3d4f1bce65d7d1&from=vjs&tk=1hlk7jup8g0l6803&viewtype=embedded&xkcb=SoBv67M3F0HABxQjh50FbzkdCdPP&continueUrl=%2Fjobs%3Fsc%3D0kf%253Ajt%2528contract%2529%253B%26q%3DData%2BAnalyst%26page%3D60,Contract,2024-02-02 11:50:45,Hybrid/On Site
AppleOne,$24.00 - $30.00 a Hourly,2024-02-02T00:20:57Z,Data Analyst,"Delray Beach, FL 33445",62c164d1adf0d03c,https://www.indeed.com/viewjob?jk=62c164d1adf0d03c&from=vjs&tk=1hlk7k712k7d0800&viewtype=embedded&advn=4540313644549823&adid=416831192&ad=-6NYlbfkN0Akmm0SHSm6KXMG3PLe28cvsql5ALZY-VGg2iXYcU3b082gSpgrOcoq1WQfmWhcgsrEZndnivrVRpos7PeFYr-FUxGQZp8E1-qdl5cQ-EsQOtAhODmP9CVRrJyX1SUR-2wvSrhAvhvgZmqyzDsuaCnsuTQH2laKTw_koEHZXU_EIssmcJqWP8Xiioslfdf07mXTH8fJuVagDmphQgg7CO5noi_cXeywIxCN036leZt0MLPGINfgGVj85pfdSJu5rWlA4zXL4Ss3KtKyZrxj5WwW0iqqkqQY4jhRfqAG0kP3ftR4zn0d5djKySqmaydkCUyOqvlJIwSIG13-syptDlfRkgRxL02oVuBYQGc7R0EGffDZmF7uIAzIPCUw3xY-MAAGCdUutHdYo2Os-vBOvACFfo58dT5XKwO8h9ys2hgke99csUS2h3XeZPdjJkiAk4b92ixvGXGtmzOAsUALcF9-j2hUOmiLDW7UwxcBcOknd0wlBEuQ5DflYuckG0_VXIFkUyN9kOeal7yUy_FPaMWyN-u9RArHPgUhX5cehZOPu7d21pkh8e6jf8PT2gtsXjgf5d5K-eZPIOsbgCqTWsu3XtuIIyBQ6R8S2p2mndXbog%3D%3D&xkcb=SoD36_M3F0HfP0Qjh50LbzkdCdPP&continueUrl=%2Fjobs%3Fsc%3D0kf%253Ajt%2528contract%2529%253B%26q%3DData%2BAnalyst%26page%3D70,Contract,2024-02-02 11:50:57,Hybrid/On Site
Leadstack Inc,$40.00 - $50.00 a Hourly,2024-02-02T00:20:57Z,Data Analyst,"Sunnyvale, CA 94086",131a8b1b111eff14,https://www.indeed.com/viewjob?jk=131a8b1b111eff14&from=vjs&tk=1hlk7k712k7d0800&viewtype=embedded&xkcb=SoC367M3F0HfP0Qjh50KbzkdCdPP&continueUrl=%2Fjobs%3Fsc%3D0kf%253Ajt%2528contract%2529%253B%26q%3DData%2BAnalyst%26page%3D70,Contract,2024-02-02 11:50:57,Hybrid/On Site
Openmind Technologies,$60.00 - $70.00 a Hourly,2024-02-02T00:20:57Z,Data Analyst,Remote,c7888927e03bab76,https://www.indeed.com/viewjob?jk=c7888927e03bab76&from=vjs&tk=1hlk7k712k7d0800&viewtype=embedded&xkcb=SoCe67M3F0HfP0Qjh50IbzkdCdPP&continueUrl=%2Fjobs%3Fsc%3D0kf%253Ajt%2528contract%2529%253B%26q%3DData%2BAnalyst%26page%3D70,Contract,2024-02-02 11:50:57,Remote
Kforce,$25.00 - $28.00 a Hourly,2024-02-02T00:20:57Z,Junior Business Analyst,"Juno Beach, FL 33408",3cd2e602fc1bf945,https://www.indeed.com/viewjob?jk=3cd2e602fc1bf945&from=vjs&tk=1hlk7k712k7d0800&viewtype=embedded&advn=253019782202538&adid=380630471&ad=-6NYlbfkN0C5IatSLh_Ak1q39eQQoPIxD737RW9NeiYGvIRXkrLjEBkC4LI6KweF8V4ozHZ8DEbGkW5iZuYIgDrudIcpr8ROyoW3o6ewxFwPANcgfKuhCalpT07nkaPGWzJc_Guv1qqQDbEyS7H1pke7bcjvBC3LHcfGpuVEkP8hfJ3AUq0aats4aZdPEvpP0bJZHbrVPHicLpWP56NSqC4qV4hi09Wf3Z6RMfGULstIVy-iXL2W5ecnrJJgB3SsbZZ5YUbqhRp0019PR56VavUOdu4XAeQVwOctp3T7ayNBUfG82UFA7BXEIyCDC6dvkqKrLlU4qN8B2qMYgJEHZiOrB7zbEavm8BCK0SIPfl1eu47Hxae4XSeKm7PCORCLEwu_OkjThudFu84WTygUTDsQTv53FntizvzMHpsChz4OGrYjN4Ql4f2nRa3tMui-Gfy6bRgTMBlfawghy8Fwg-wsm2462OZR6RTAWM7J_fAbVdWkrHsoBVdqym8IYJhW-WGtVVaRg1DNCckBFLPj4C3pHwFEJrk4NUBKvPsEhtI89mHIb5KwWGCpqOz5Czet3GX0HqbcrNBlwBhOUq-svIpj2aMnUS01V7rB8YB0nz4UXk1JxPXJww-KLpw6445-D9aoTOKfO4nYrD7v13zNTxdhOeY29_zunUKnSJJXOkkCB57GAg5I6-QhWf6qcRoKWW3gKdvl2zFQsaPjKjn4UD8C3nO7vhJYrR8A1zLMXwc%3D&xkcb=SoDk6_M3F0HfP0Qjh50PbzkdCdPP&continueUrl=%2Fjobs%3Fsc%3D0kf%253Ajt%2528contract%2529%253B%26q%3DData%2BAnalyst%26page%3D70,Contract,2024-02-02 11:50:57,Hybrid/On Site
iSpeed Group llc,"$74,465.00 - $80,906.00 a Yearly",2024-02-02T00:20:57Z,Data Analyst,Remote,1de8a92497457ed4,https://www.indeed.com/viewjob?jk=1de8a92497457ed4&from=vjs&tk=1hlk7k712k7d0800&viewtype=embedded&xkcb=SoCk67M3F0HfP0Qjh50ObzkdCdPP&continueUrl=%2Fjobs%3Fsc%3D0kf%253Ajt%2528contract%2529%253B%26q%3DData%2BAnalyst%26page%3D70,Part-time,2024-02-02 11:50:57,Remote
Infoorigin inc,$27.12 - $61.00 a Hourly,2024-02-02T00:20:57Z,Data Analyst,"Richmond, VA",bfa72a7135a75fa0,https://www.indeed.com/viewjob?jk=bfa72a7135a75fa0&from=vjs&tk=1hlk7k712k7d0800&viewtype=embedded&xkcb=SoA567M3F0HfP0Qjh50NbzkdCdPP&continueUrl=%2Fjobs%3Fsc%3D0kf%253Ajt%2528contract%2529%253B%26q%3DData%2BAnalyst%26page%3D70,Contract,2024-02-02 11:50:57,Hybrid/On Site
cloud resources,"$48,723.91 - $113,131.48 a Yearly",2024-02-02T00:20:57Z,Data Analyst,Remote,6d462b18394e6091,https://www.indeed.com/viewjob?jk=6d462b18394e6091&from=vjs&tk=1hlk7k712k7d0800&viewtype=embedded&xkcb=SoCN67M3F0HfP0Qjh50MbzkdCdPP&continueUrl=%2Fjobs%3Fsc%3D0kf%253Ajt%2528contract%2529%253B%26q%3DData%2BAnalyst%26page%3D70,Contract,2024-02-02 11:50:57,Remote
Venn Health Partners,"$80,000.00 - $90,000.00 a Yearly",2024-02-02T00:20:57Z,Business Analyst,"New York, NY 10016",464f30b6eb4ab31e,https://www.indeed.com/viewjob?jk=464f30b6eb4ab31e&from=vjs&tk=1hlk7k712k7d0800&viewtype=embedded&xkcb=SoDQ67M3F0HfP0Qjh50CbzkdCdPP&continueUrl=%2Fjobs%3Fsc%3D0kf%253Ajt%2528contract%2529%253B%26q%3DData%2BAnalyst%26page%3D70,Contract,2024-02-02 11:50:57,Hybrid/On Site
Wells Fargo,,2024-02-02T00:20:57Z,Data Analyst (contract),"Charlotte, NC",82f1543c12a57ddf,https://www.indeed.com/viewjob?jk=82f1543c12a57ddf&from=vjs&tk=1hlk7k712k7d0800&viewtype=embedded&xkcb=SoD567M3F0HfP0Qjh50AbzkdCdPP&continueUrl=%2Fjobs%3Fsc%3D0kf%253Ajt%2528contract%2529%253B%26q%3DData%2BAnalyst%26page%3D70,Contract,2024-02-02 11:50:57,Hybrid/On Site
TEKsystems,,2024-02-02T00:20:57Z,Revenue Integrity Data Analyst,"Plano, TX 75023",4e231fbf3267f67a,https://www.indeed.com/viewjob?jk=4e231fbf3267f67a&from=vjs&tk=1hlk7k712k7d0800&viewtype=embedded&advn=3221643616900566&adid=425823684&ad=-6NYlbfkN0AuKz8EBO1xHDEL7V2YF9xF3dC_I9B9i-Zw2Jh8clPMK02EZZItVJnBuBjudhETrRFNXHcwXtI0yInBpvRJMDbnLkFI40f5aB5A2rcif_Mp_EyJDLS87ok6c3EoKU_JKknU-2U_k53wZd2qWx-4ZC9h7mKKXDi8bnpz_U7vCIpa8uO-UsXXGGK5dBkQZ2Z3ynDEp93NZoIRP9B1gV9rchm5JZ5N8ilqK1kLGkgnBSYcuelwlDXQUmHFupAqB0bW2dWdzv-FqEePTyYdc-Rx4sXrMGpWj8MdxFrI4e2My9cbyqQNsU7ac4VXkwR5gWdp35G5IPtGcFsmTr_kiXwzNFCYi0EzEOk78nrw0wPDaIYwcWjmi302RuCE5NJnMbEaB6HbWz3jlE0OxaO2r-mnrxsmuiM2ohM7IAoeGGOR5WQRQY-RrQLMzoA7iMzzNh-kdnuZvFCjwfAQxT00jU6MHK2V5GbIGsfolM3Jt21LelZzUnpjrvzR8RdPIlTi40HuUJL4iOKTTONwGUPEIpG8ybtM2bRDwEIQaJ07NnFo8AmRw1GVkk2xhRlYWBTq_e8G5GlfaItKT8eRZpOZMr8DP4Jahhu49f9Z4G23x9IPsU_bjxkVvnrhA26URaahGJ9r_nf9TwEzYycQoKbHV0GXKe-5TmK4YviFAoaRUtPAvzAhvdR-4vBbBV1IYFbBcUb3z-_8vnAegL_9RuPRTrFYEwySOzzbNnWxvClDshD7t8TJolArObN8RRgb7Mp3t3TAz1hBaOcdusQq11uvTxglHUHZKMmuFe4X1KvUTAoG2ffM5Fm3B6-0G37faAO8NiEF8iDxxohzt-e8LfPxiczUJKJNRsVPeMXlPtOP0mAxTLqhfWfzddIwFQqv2ZmUortCBANVZIHUGwYTeqYwGnjRnJnlXggOzzaxkxyigMTrh4onDqZdUA0ykzklOdKPEJLwNhgaxmkKEaYFpcMwX5o8A5B4_AmNbvKqbFlOvLSwjRQmePo27eaF7rLglbMw6ZFJo0QjdvisJ8EKan05dByjQooO-NiZ_vn7BQGDGNAmRHmqZKWcClyRnFhtKGZnpRNnRyGag0vYDML5AG41-ZUeCioNax-xqg2oi0KoATwjvXyvnVeBm4ufv97bGFkjlbBcy6k%3D&xkcb=SoA36_M3F0HfP0Qjh50GbzkdCdPP&continueUrl=%2Fjobs%3Fsc%3D0kf%253Ajt%2528contract%2529%253B%26q%3DData%2BAnalyst%26page%3D70,Contract,2024-02-02 11:50:57,Hybrid/On Site
Kforce,$35.00 - $40.00 a Hourly,2024-02-02T00:21:06Z,Data Analyst C-Shopper,"Irving, TX 75063",fded88f25d76956f,https://www.indeed.com/viewjob?jk=fded88f25d76956f&from=vjs&tk=1hlk7khloiqv3800&viewtype=embedded&advn=253019782202538&adid=380630240&ad=-6NYlbfkN0C5IatSLh_Ak1q39eQQoPIxD737RW9NeiYGvIRXkrLjEBkC4LI6KweFMaB7igpdWMklnrqrYTujmsynbMFHzwwjCjRadkM_sYbOfwpF-DB45GTbFFAJY6GjFXHZVj_Nq8O69_dLjD3IYHq3MLnDSRm22o-oPPBCQfTXCuPuOj0_34oUaS8-Yjqqz8HVholHFSBtJhYkgKaMSXq1RpE4eBu6ms2ZOad3OYrOzccl4E6AjJpMTMQeJhbXyvgtCmy7MipW6QDI9WSa4C_HpD9XG4jqVQXM5c8P8fOcmfDF5tUQqMfk_8BQp_bFHrVDVYZTknm6Rk9lu8ch0qhZo0DqCWepcG87DPzkWqxteAjUIGXpaEmFsXo7IWBxdDkbkEKUWGH0cVivBujWxhEl_H1rqe7KMKWJrxRSnGHkwLiAhdoOwliQA4BLgjKdcXEuac5Be2bAnWF-_t3eHBLQQWSaONXNEx4OjGtKJYFX2AkeOewS9JoKn0weLLJFbjqF8rnj_bcXnoM5R11muR3RsRzPPYeJE616PWxCcv6HiaL3YL5lPGvz6skHc5ImLCUpqmuIQ6D8ugkt2yNdUFQj9FPTWoU4CqJVRI-LE3h8chvTr1d1JVeXq5hXlVCjeqK_i8RguGl9xpjqAoIN5-i54OtzW5Hc3ePnQ4ZsbDcVgKzYFmN4hw6wbkS0bYPs6veNVR4ChIMoOOCQ9dkDuzVfqpkbGqBKq5tH8lffBUY%3D&xkcb=SoCZ6_M3F0Hd4_gAi70IbzkdCdPP&continueUrl=%2Fjobs%3Fsc%3D0kf%253Ajt%2528contract%2529%253B%26q%3DData%2BAnalyst%26page%3D80,Contract,2024-02-02 11:51:06,Hybrid/On Site
Robert Half,$38.00 - $41.00 a Hourly,2024-02-02T00:21:06Z,Business Process Data Analyst,"Des Plaines, IL 60018",dd9e82a80b59f36f,https://www.indeed.com/viewjob?jk=dd9e82a80b59f36f&from=vjs&tk=1hlk7khloiqv3800&viewtype=embedded&advn=808876208185647&adid=413460502&ad=-6NYlbfkN0CpzDdaQkua3np5pkmj49lKioZwmwxQ-yx5plwbYmV_M1zEVPt0O_TSZV9cNMBPIadvxnQIf-JgOjBvKHEBOlSfGLqc4CGKlVdGhebbi61oXoSAZk__J3nQuJqrPH8DAULscn0YmFanuRA-NT8DIoc8PsYrBLEWCdTPbYXtNHTHziIvmj_TNbFa-gkVUPFwFUE8KO-C7MVS_2FSbIoFXZbNIB2vbV41b1Uviftixe6UiJVQZz141PXIj8bDdyJ0L59bnP2YuX65XKVFo9YGY4TaBACEtUFdv1mml43kT1asL9maAARAErZ8cmNyT1Wk327OsXLWU06wbQp_p58QzkgCs8LjbiP8X3646dF-eaqNWHWsYI_0em9Lmfn4iFrPqKaQEsEcy0X2NoX8um5EZjM0Pr-b0kqJTQ36tvqecJMeO8Ehz70WEihGLplZQ-lBeQ-IafrJwSii9LoMQhriUjAxrYzibMw6TvWT4xidczmbdvRNA0N3-tuZgC921TxaB3JBCSqqQPeh6qGCUTfkT6D5jyyVJGUt6XIQ_I_Nj0CjxXmGLi2JV152oh8HW9LiVAiqYRrxejOlwQIP12u2w37Gmh8qdpoGlLbvV8-ILB7Z7Y86OQ6Rq38jhigXzzoRgDN2LEMflVOcxIe1F_dooGk48uYLmXp96fhB4ldfVftL63wO7R0lhfbzqYzN3hhg2EQCS2iwHHDIhQ71yOUixREo&xkcb=SoAX6_M3F0Hd4_gAi70PbzkdCdPP&continueUrl=%2Fjobs%3Fsc%3D0kf%253Ajt%2528contract%2529%253B%26q%3DData%2BAnalyst%26page%3D80,Temporary,2024-02-02 11:51:06,Hybrid/On Site
Robert Half,$25.00 - $30.00 a Hourly,2024-02-02T00:21:06Z,Data Analyst/IT Support Analyst,"Tampa, FL 33610",166dd352657b535d,https://www.indeed.com/viewjob?jk=166dd352657b535d&from=vjs&tk=1hlk7khloiqv3800&viewtype=embedded&advn=808876208185647&adid=413460512&ad=-6NYlbfkN0CpzDdaQkua3np5pkmj49lKioZwmwxQ-yx5plwbYmV_MyI0uk1UHi_yWnaIEC-YRs-PBBY5yoj4MMiu0Ot0r5-MBRScloT6lQd4JFzwX4U7cEeniIV1SqGHiiwLxfxfzq34GvrAP_nCiACRQubPveBcjb_hfPSVPGn1JGIBjXoJZCTXGHvYCMOQp0UDxaZVptirIX6rapEek9zLYDPdT8s-Y9uYR-QxyOis6oBK40U932AUp1CH3AFEtUe-YKQlhciKJ25N6KnX3FroZD82fcU1NU1uKAJX0IqsVgZFTF5aoOtnpiSxUtHR6k5FDB9a889_LA0oVIM0HFq5jB4oPYykOb4BC70ecFw3RKVnBAZEqOKJtc-xfTrwyDrOmavkr4eLrl7FkfzNSakZRcuz_1YKV1npwXecM8ewjzXMa4FoYRDoImvGj4ObR2j1L51QJrg9LJuCRdMVCUL5rE7zOHhUIPTalt4_jBGKQiYAehtHY3ttwwA3p6KRqMHISifW0FippM3MtBkaKSUZr54V3EWGI643CgBmbrPArd-ukXi9rgYqTFLIhW_mvKh3PmDa_APpTCqY3DqIu9TQWf3fufbVZa0kpe7_WkKOguKI1eCztRrkLu5rNTmbV1VXNg_8nw8536Tt0aUpApEZ-1MkwjVxbL0w_c_1xHCqXv_UDrUVRNl3JB0vF94sbyc80vnTk6OUX2cyxEI7y2Aimv-VwxIP&xkcb=SoA-6_M3F0Hd4_gAi70NbzkdCdPP&continueUrl=%2Fjobs%3Fsc%3D0kf%253Ajt%2528contract%2529%253B%26q%3DData%2BAnalyst%26page%3D80,Temporary,2024-02-02 11:51:06,Hybrid/On Site
ASK Staffing Inc,$0.00 - $35.71 a Hourly,2024-02-02T00:21:06Z,eCommerce Data Analyst,"Austin, TX 78727",42a7c6a6a70ec302,https://www.indeed.com/viewjob?jk=42a7c6a6a70ec302&from=vjs&tk=1hlk7khloiqv3800&viewtype=embedded&advn=620663406855562&adid=395110668&ad=-6NYlbfkN0BmH1Tp-1XDqUbIZRsnS3eb57HzgAJvZBJA5afrbufDlmQ0ZaiGUo8bHTR5GpXpmkjxbVEFMZS-vzbLuJ4zyRX5r-eAgDfTDHJlrtkkKfw5FSQ9AroycdjJXz4LqfEeLEt3MulypTkhnJ3vhCacD9EbDPvaYopIwN1bgf0xx4tZ8jg7HLSThhRXvFAZEbAwiNIE79wSCUtQyWwMuk6r2Aj7NyH1UBPTYJiW-fYFJJbA1eo3qF6oB2GEOQtnEC6yDbhKqDBir5vVtFSkaui-AcKX_3bJkQaydD5fW1qajgRiHj-7LTxcsq7tm-iOK2kET3lXLb5vyqWjuVXZzNhXIoBu3MjtQHQWqImrFHExWT1Mn-A5tJq9glVMlnZjZo69dXoVIgdo-eteqOdlg0RXChvofCYo3QHZVI4rL95LKgaLecg2UhcLw3SNeb1w1KKI82kp2RpyxjlXqJO9ewB6SIGMus5ddFcUfIpb09JClObXsD1e6FOkDFAiWfmj72VF9KiDJcgQ6UFMz6thBBp8YUArbFoZYlx5NM4tCkl187fgMr7vc3EZl7_Sb8c7fIrxLlKgVnz4lzQrq_38NyoaYumgwm82qDoFQMFhspcod43VGkcKi6Lh8kZVg1XrWt7-1MVlPV1f2HMq5aoVlRzNd0CnoG_YDaBxi5s%3D&xkcb=SoCK6_M3F0Hd4_gAi70MbzkdCdPP&continueUrl=%2Fjobs%3Fsc%3D0kf%253Ajt%2528contract%2529%253B%26q%3DData%2BAnalyst%26page%3D80,Contract,2024-02-02 11:51:06,Hybrid/On Site
Midwest Autism Solution LLC,$61.00 - $65.00 a Hourly,2024-02-02T00:21:06Z,Board Certified Behavior Analyst (BCBA),"Minneapolis, MN 55422",d96f263d68ea35ba,https://www.indeed.com/viewjob?jk=d96f263d68ea35ba&from=vjs&tk=1hlk7khloiqv3800&viewtype=embedded&advn=1109589440916479&adid=425557516&ad=-6NYlbfkN0DSXJlKtpNRwWpgU6Lr_CtTDFedxHOdr3nTA7RByIoEw9w6GB2mR0BbH3CpJwE890exx_ZHtHPtxy5iipGc4AFku4Evf4hl-FD_O8aEV8DsVY4mAe07xQJJAGc5XhRUsm2rHZ3RwU21QhcgxVqRewzq5KHSLNxmBPbdDIR_SL9kR-7e5eRK_tKtBwdPgd-H2RTR8wJznpDrpV7dPv0OTfyMCf_F_CjdeDKhbKEI-xYp4ZUJDaCXpocPoCw-0GMdkFcFBEjDU_GJx2Mx7SFNBM-841TTKlOlbVulHrN6ZymNb8NXsiJrZic-MM0qJtV51QndNdO8QaqWHDvgvE5bGIcqtN9YbpMSFI8_op7Wtkbp-5eJCW7t-Vn_1ApHOeZcvEu6uoZFE_dIMgvvNZZc9J06bj96-SK3WQnO7aC04pFKBHWuC1X3FQWm7i3vTk79zImdGY3kUyjP3jIOh-Lz1DY9EaB2K3LJVx32sG9pPz7YWOsPD5SzJYswYCx4dBtNsMNeEPFwtrgAU1tYk9torGnBuE96O6SWCjEjDBXJjUPyT1uNXriP8V5t7LXcGnx92z3G23T8qrbEFrTU1ySvN3NmcaJrJsfeGJE1aXYoxmrpSWyHBLMhA4QwZj0IiaEwbWVuNG28kLYNj_SrmmeGlkXW&xkcb=SoBj6_M3F0Hd4_gAi70DbzkdCdPP&continueUrl=%2Fjobs%3Fsc%3D0kf%253Ajt%2528contract%2529%253B%26q%3DData%2BAnalyst%26page%3D80,Part-time,2024-02-02 11:51:06,Hybrid/On Site
Robert Half,$55.00 - $60.00 a Hourly,2024-02-02T00:21:06Z,"Business Analyst, Digital","Nixa, MO 65714",85f4490ea6b5c8d0,https://www.indeed.com/viewjob?jk=85f4490ea6b5c8d0&from=vjs&tk=1hlk7khloiqv3800&viewtype=embedded&advn=808876208185647&adid=413460509&ad=-6NYlbfkN0CpzDdaQkua3np5pkmj49lKioZwmwxQ-yx5plwbYmV_M1zEVPt0O_TSLWi2N8CY3zYudmQ88lb6E3Jg74yEV2aa8rkBcfqTmm-tTn-XtIjTQEQcjPGQzfTsEO9uJ3G3hezLPDnlpm7flEsl6TmdHil61SZUriM_pCJ8ww_YHd9-sxXxeVeF9PXaeRU_L112s7dxmjSKbHqnu5muoRHytvRvflPcAElCZu97ICsy1JiCPfmjh64z-JBv6ons22JlDPsUlISYXraN7BCEVtIS7xSawe97rVYIDK4DVj5kMzzrLUIRiVLeQUkGbolVu2Sd89GV7UAaGujgeixhNMWs9w2OQ63yShVBaqDlITeFBXjbr69Bg2VTnzxRvIFVMGveEgf8Kq-sv9az7vhRuxBQXmZjFWupDPCS1svnS3DIYmwqOe0LUdpgaK68sl6XtNCGSak1ZN3sLQE9xj1p5Gr1cSi55c5f8pYClTYw0-QrcfLZvjmBLWzt9S5zR70c9lZsEzOhdol15j-BgopuVP4r_v9b3QmZsEKpKdjvVqJ3L4PvMRxKXX--T38J0kOenbBe7tfjqgjPuoI7SnILhlkqzyW40lh_k5beUbMpmkX3aA0oT2oa1FLVSCl7ln74fM7c3JZA2--tC9lnTVcSuPk0nOh6Ti7GRh5I1sMf9yTayKnYNLn1JmmnzoJWlTpOUedXP-4%3D&xkcb=SoDX6_M3F0Hd4_gAi70CbzkdCdPP&continueUrl=%2Fjobs%3Fsc%3D0kf%253Ajt%2528contract%2529%253B%26q%3DData%2BAnalyst%26page%3D80,Temporary,2024-02-02 11:51:06,Hybrid/On Site
Kforce,$28.00 - $35.00 a Hourly,2024-02-02T00:21:06Z,Business Analyst,"Juno Beach, FL 33408",01413e7be6de4af7,https://www.indeed.com/viewjob?jk=01413e7be6de4af7&from=vjs&tk=1hlk7khloiqv3800&viewtype=embedded&advn=253019782202538&adid=380630471&ad=-6NYlbfkN0C5IatSLh_Ak1q39eQQoPIxD737RW9NeiYGvIRXkrLjEBkC4LI6KweF8V4ozHZ8DEZl7lS_nRCmN5v2KxPhiompM3Sh3won-nMdiPhai4hqJ7zX4P0yLDDRxNSB4Wul-wTX0ifvOeg1i6lO1sY8lTLg_dZpX1n8SzmrxwFEfdsEuC_OB9BEgKVwc-DUQxzZddZpX8El-oloBz0CSenkrDjkK0kXN0qP-XKYjeBN6XGZ616XI3hiW_TqPj0KCyodCF7VQe4p-IpzLtnAGhh_B6EYD_XuUFr5Ym7SEEwwaun6166fzq1SZ1WllHCCE-QKHTg2xgJcxOr3dc4PW3ZSjMrEglxYU6Vq00ztYsOau9iTCNMU1F__F59J0u5-lKBHWsN4vLE9ztcJ1HLRttXlDmOXZpyiHTZC1S_7qLFEo0ln05KqvZPcA8yr75u5XxbF-kW1C14G0iUXsyfaQ-IFkzAUGKJHrbPX6ZpsStrp0ui0B9gkW1VEQAeQuGlb5PLejq0zVnK95nJ6K88Nb9Y2mfdBuIrAYnue1iMhybG8Fx3B0kDbxfNVO9oHnRpeFyG2b5G6WeBwMk1BeFKldcvFZ6W09tvPnc39hHg7LoNrvSCQ5xHm5lwYbbzNTX3ns7e5_NXSQlmlOUWzSL4kE17yf_wYWVbRnHRxUoHpcMlNkYDZbiKF6B171HYkZUKKhnomRYD0RTr0T_g9h7U_iw5tPsujYAIm_5IHEYPtmNlVaNdvSw%3D%3D&xkcb=SoBK6_M3F0Hd4_gAi70BbzkdCdPP&continueUrl=%2Fjobs%3Fsc%3D0kf%253Ajt%2528contract%2529%253B%26q%3DData%2BAnalyst%26page%3D80,Contract,2024-02-02 11:51:06,Hybrid/On Site
Kforce,$35.00 - $40.00 a Hourly,2024-02-02T00:21:06Z,IT Business Analyst,"Jupiter, FL 33478",758049668ec41d03,https://www.indeed.com/viewjob?jk=758049668ec41d03&from=vjs&tk=1hlk7khloiqv3800&viewtype=embedded&advn=253019782202538&adid=380630471&ad=-6NYlbfkN0C5IatSLh_Ak1q39eQQoPIxD737RW9NeiYGvIRXkrLjEBkC4LI6KweF8V4ozHZ8DEambiA4xpW4rSYg2HbreqJnFZ-jR9AkpRflunRcdCIvOiVUgTt5Wx_Zb6uCqs1vC13z6bBbjH_eTjaHF5Bxs5zQipn9xCLTjJyYkNWEhSDPtaunAePl6XFJEvJ-zYC46JOJlfmudJ2ehMzFM6WBOhVcCkmPh8GW2xP1EXu2ssDCEJI9HeyI_66R6Pt__NhCB6HrMOOab44Gie1hgWBQsTjCtl5fDuFQxwHZEGrbu4wlvdl5rgiKqOn8WNGuRnLuy72i2-2C1nQq1e-rNh3xQWtUQiIfJg_PamCwfkqc0dHZAlHAFPMey3UhZnS1f-AH6F1v39ygBOnhIs26h1rRKlVevjWlbQ0bg6hU53tl_gX-lAmnQFS53qzyrdTKK-I1YytJjyxzPpy8UUM7YgLuMc0yQ_3jpOObAGUWkwsUCpjxsgqcHK4rbXRDW_jjnZDgl8VL1qzlKE5V-pVGWl-Ou1LFNF_A0KSqtLkbDmDlYESYvOS0f9fNWWYWeQOSzGMuOE3l5wjIpKCm1GtUsyCq4Hi-1Y0Mj__vCEpapCHDloaBByPTxsn7htG6QcxEp-3jwvjaThkaV3uUtsCr-Gue8qpo_XCV4mkWtfkz7IEI9oVJtd7caG4l2ZitRUnh5K4PCA_U1Y-ysd_U4E_0SGDFvKKosDclCKcqGpg%3D&xkcb=SoD-6_M3F0Hd4_gAi70AbzkdCdPP&continueUrl=%2Fjobs%3Fsc%3D0kf%253Ajt%2528contract%2529%253B%26q%3DData%2BAnalyst%26page%3D80,Contract,2024-02-02 11:51:06,Hybrid/On Site
Leadstack Inc,$40.00 - $50.00 a Hourly,2024-02-02T00:21:06Z,Data Analyst,"Sunnyvale, CA 94086",131a8b1b111eff14,https://www.indeed.com/viewjob?jk=131a8b1b111eff14&from=vjs&tk=1hlk7khloiqv3800&viewtype=embedded&xkcb=SoCt67M3F0Hd4_gAi70FbzkdCdPP&continueUrl=%2Fjobs%3Fsc%3D0kf%253Ajt%2528contract%2529%253B%26q%3DData%2BAnalyst%26page%3D80,Contract,2024-02-02 11:51:06,Hybrid/On Site
"Nesco Resource, LLC",$50.00 - $60.00 a Hourly,2024-02-02T00:21:14Z,IT Business Analyst,"Neenah, WI 54956",96d9818a7ca2306f,https://www.indeed.com/viewjob?jk=96d9818a7ca2306f&from=vjs&tk=1hlk7kqarip8t802&viewtype=embedded&advn=64415700368467&adid=417652756&ad=-6NYlbfkN0Cy3vCb1dyCtSFwR99Piws940634I89vRf-6Kip1LKDKYWaHGL12NX7yQKOFuIdyCfH2nK_YWPu21SvNCNpfuWSrzqt5uyX934z2us7f4ZyDze3WA_tytnf2Ojx8EmHvfjkWLqj98Mjjv-4KngZp1mRjlfxLpxX9yD9vPHubjrz1Et5PHO26LyluSMRDIX7uMKOM7YGBCgmhca0u-bOTaVmK20XAAGpaCBT09umjriuvoSDT-DeR8zVZb3HJw2F554oA3OSbPRR-cSpGN2pVBYJXz0UWCxvIK-jB6-1Ve2aLo5FP-7M0EwNtYBNUBVzUsmK8blwT0yAYf5YjbZ9P1ebxsOHS2TE2kCoVI4niokE8oNFMaatkBmSSmtIjRRO50Ll3-ahHlxdn-Wkx9pYsbHJGoYm9Bd3ISkiBVuFGj6NcJICyrNv5TBtv7PbrwB_kPlzYcWJJ-CP7vbL8YuzVk1vy2nivu86SNh6oAfsKMps_2w4x4i0SRBdFeq2GlHXxn9wKPQBhkj_qO-il39VJz4XxyWtG8XoBq6NyvgWrFY8G3rLs7WDVKxHdtmYTeoHUwaXvEi-hmg6DIGioeESS6v3E0d25eu901JcaRmEmH8xNX0_gLiSiZIgVv_O7u_9l6DBFvzweAsEFMpdMuCLZCo1sd2kKMKUxo4qynqU65EeGzM4Nwxe9pzeUL-y_ml2Y_l-xlL7klQ7J1ttBzqrFPHyMKER07Zf5mStsI-Hmc3hh9SvISB_jRvTH4ElhZyWzK4t1WAr-swWITZQf3TEYtDi3C-iVoUDrGKZQ52cWaeEEGIZb1pVA83z9mUs149GnjvUhRg7iL9y0cBboND4cWqb5mym76lLebReD0z16M00W66uruWzGpEu4pd5oZoD-co2JSpvou6v6tR_iPzI9CKJsvvvgmfATzXwU6---qJLxHywMmtZT5wMlMVDnw_Ea9SBv2H-9USUlVPojgDBqgBzbv4sBeehKXxPd0aSik1H2fDGv8BCe4zz3rW_igiO3d3sNiWsCBblFKSzWlYltHCoM6MojOqSwI1K51R5fF_Wa3E8NSYndv9Q9mNejiI-0OJOeZhz-Bmm8HYJNE9Hzqv9MVRP2mF6fDBNTFBmA-Fu7mEnZLN3Qjix&xkcb=SoAW6_M3F0HclVwd5p0KbzkdCdPP&continueUrl=%2Fjobs%3Fsc%3D0kf%253Ajt%2528contract%2529%253B%26q%3DData%2BAnalyst%26page%3D90,Contract,2024-02-02 11:51:14,Hybrid/On Site
Kforce,$50.00 - $60.00 a Hourly,2024-02-02T00:21:14Z,Data Analyst,"Madison, WI 53783",e604f30fcb8ea989,https://www.indeed.com/viewjob?jk=e604f30fcb8ea989&from=vjs&tk=1hlk7kqarip8t802&viewtype=embedded&advn=253019782202538&adid=380630240&ad=-6NYlbfkN0C5IatSLh_Ak1q39eQQoPIxD737RW9NeiYGvIRXkrLjEBkC4LI6KweFMaB7igpdWMkeicERL2JBTwNfgHcmleYcNf9FCjBoEMC1I32S3q-6KY-8Luis_6V-Zx_D9TcQEYXCu9mAmpaTfYvnaEEC3UpZuuNFLYWAEwGWdpxkg9MQZI44uAIYWb-lg0eXuJbFZa7-Ond4WWOZ82SN0nMJAjWJFACRkeVZArbg27Qfs7gwKbaM3vtbZJW9JMibun3VxWWsBj0TmBD35-c-9RUsmv15SWZXUYqKS_NkOrCWyBnUTaH7b2h9iey46voOYIRxQ351b5HSTZBg-0GqKEKFGwmRmJ-Fsp7Y0FwGWMatZf3OAL1rmHpBPBjXkq7ANH8JzySCmwuB9uWWKObUFjWQ8t6pDMYAUlWa7VtQSd9-J0_3xsEmzcrYQQljpInSDPm-vAeJLv_mUkr3zcZoAN_mjyExWwPQgmwA8OQoSxOaAW4uH3wVT2SE5pAEyzr6s0ZmqUKUUF5OLfgk8d2j1snLHDKEcI6VAspLaJem4q9Xud0Zca-D-xmDKuwFhMlhmQQhBKddxqh4s58nRBKYVuiUeviKwbZjLuJ45nUMzNSqFczcWtW8vvgdutOJLKGQDaGXEHxkDa_kaCwQjMzLZ_I70R8v4B2FJRux0_EFb2c1uVouVvDAJrxOwYtv6xxu8BgU_qIk8DTQ6L3S4-5btw6pd0PI3Pm7_oRGljI%3D&xkcb=SoCx6_M3F0HclVwd5p0PbzkdCdPP&continueUrl=%2Fjobs%3Fsc%3D0kf%253Ajt%2528contract%2529%253B%26q%3DData%2BAnalyst%26page%3D90,Contract,2024-02-02 11:51:14,Hybrid/On Site
Kforce,$57.80 - $78.20 a Hourly,2024-02-02T00:21:14Z,Data Analyst,"Boca Raton, FL 33487",6b5042634b2e8204,https://www.indeed.com/viewjob?jk=6b5042634b2e8204&from=vjs&tk=1hlk7kqarip8t802&viewtype=embedded&advn=253019782202538&adid=380630240&ad=-6NYlbfkN0C5IatSLh_Ak1q39eQQoPIxD737RW9NeiYGvIRXkrLjEBkC4LI6KweFMaB7igpdWMkCAwIQ-vI8-X95rSdM0BhofN3zhKysFcDI5-VeRdxCRKthj4GnwtCtMiXtzxtfpwtpMfFFSY-iL5dmGdW0ZW_WBBC2ktc6Wr-jsjofTNX25QourvgdptI1kL3TsPG2uCHnIkiC4gZBJeAT7vtt315Xz1kAFHziuTh4Ngsb9peOGAr8XvbslLci0uwq1MTE6UoHPjpDtpIMAx3PLRQ67XUp9uwUSGvXV0xDs70BPxsxJOPKNRUIrB72juzaxaRa9RV_t_l0uE9R2yHIuIA086flQ21_KmSZrJSni3KVARfZwJ9oea2pt9T4v7TMPLhe66XtVH99T0WY79O_pxOjT94BS8zJZ45mgZlsoztPsjc060GtfYR0gJu42pfUfCMqv-Yem3m2InNMpX-5kgmTUtr7561I8HNyddHpyvx20_gD5bbBxq-GRsQZX88hMTGeAQbbBw6EF0GpxDQAEs7gUfu4M3IXby38yy-79UvNm51iQC9AUMz-ctt02P9xItkoAqaiQYQ3TT-XInmuOkNQ9LWIEZ5Oolr9WuFZ8lHDLw-6n1M6ZUP-UB9VkNy_5wRg_Cog3_BgjcFyPx8Yxspfsfv8F7TqcFkMfj8h3UqGtACamyKT2kBVEqsbqD6BAkSoi1NASGlPflMRI5I6ssE2cp4tTpB_ukdCw0g%3D&xkcb=SoAF6_M3F0HclVwd5p0ObzkdCdPP&continueUrl=%2Fjobs%3Fsc%3D0kf%253Ajt%2528contract%2529%253B%26q%3DData%2BAnalyst%26page%3D90,Contract,2024-02-02 11:51:14,Hybrid/On Site
Robert Half,$38.00 - $41.00 a Hourly,2024-02-02T00:21:14Z,Business Process Data Analyst,"Des Plaines, IL 60018",dd9e82a80b59f36f,https://www.indeed.com/viewjob?jk=dd9e82a80b59f36f&from=vjs&tk=1hlk7kqarip8t802&viewtype=embedded&advn=808876208185647&adid=413460502&ad=-6NYlbfkN0CpzDdaQkua3np5pkmj49lKioZwmwxQ-yx5plwbYmV_M1zEVPt0O_TSZV9cNMBPIadvxnQIf-JgOjBvKHEBOlSfGLqc4CGKlVdGhebbi61oXoSAZk__J3nQuJqrPH8DAULscn0YmFanuRA-NT8DIoc8PsYrBLEWCdTPbYXtNHTHzg_8AMkP6i2ZyV-pm0I66juSf6ei6A6icdjUhWMaajg0l1JU6JFeKuR4hhuaef1Bgpo2CpRKsqtnmrvF0fhtFtntjUMxsdFSL6__j_ibbxo3ID2Kc7Rau2gF8EP1sD04KTNXk07L0MvOTtgnX_m29MTPu8pyqYyAibFkxJ3NFjMSlMBYq-XKMkR3uVybbOxZ8WUCEm_Qnl93wSoAsK1IYvnr7Ii9cuNiz2tP1Ozbp9JGCss0gzg33MbO18Zi5dJ-lMl8B-5Qmzig0Nk52n_RwcPiLtqjX9K1xKI9d74_u84ZvIjImDzlVZhnAOJVOV8XLyBr2-e2RZNPQNEb_HXnG5DtX_sXC4z3S0YpkXMIC9BClXRXRtAgpTQwW2qJXP49HiuiBkLsRjfbMh17nj5ZB5pXWxZcvWdJ_w7DMvYir9sbCE3NGsohYRerBNAsiyQ43TevHJO_MxsrdKQfUQkUW2_F5yHsom2pCX7HOB7KTHLUYn1Y1aQT22HgBc9iFvD18aG3xr_iHuVLZIAVx-AFCxcSTsjZcl0np7V8x3CfpcCe&xkcb=SoCY6_M3F0HclVwd5p0NbzkdCdPP&continueUrl=%2Fjobs%3Fsc%3D0kf%253Ajt%2528contract%2529%253B%26q%3DData%2BAnalyst%26page%3D90,Temporary,2024-02-02 11:51:14,Hybrid/On Site
Experis,$60.00 - $75.00 a Hourly,2024-02-02T00:21:14Z,Sr. Data Analyst,"Greenwood Village, CO 80111",cac055d6f6dc0a3d,https://www.indeed.com/viewjob?jk=cac055d6f6dc0a3d&from=vjs&tk=1hlk7kqarip8t802&viewtype=embedded&advn=7107834286822887&adid=416366958&ad=-6NYlbfkN0AEFElgJvH0khGA9zFQnp2BxzQ0kZOw7TdbpWENTeb18Nxbg4z4vP9DnAuGUsg_7P0f9QTkDyIUoM3KTCqTAVmqPbM3GVhPAK5hzj8ixf11ezAg83qsMxPkJdM1DY3Mi7ltk13g7Gm-b56mbTVF20FV546zJ6tuTq7CBAgHl0wYzgspcRXH1GGYrQ8BqCxZOp2q8ggv8mGfRRXZZfzAAvnsUfeDzgUb05ae05Dd9zf0p5ishzok4WKHeyGniI4HoulYwIIXMtKuZqoCn52eI8r6spw5RrhufzvWRZkD_fOlH-LX9MlK63dnLqymmkQV-nwW2jdIwA4mW6LMPD7gJuQ07zvG-liVZVMvpw_RX9apt-JCPI5wAAe2VVGqrHdKo-KszH7gEdxk68kN9LyJRds1x7I_FmfCxzyckKgxcKG-XgHEuECI-Yl7QI9LJJVYVTO_mpiaJQMn0gYNID0gLbIh6ak9c2dZmp41h2vM8Ky7__Vh9XDJvt3PMyGPeimcREAbI0n8Sy0aBaqc3WM86W-ULyl0W139xMcCRVWlonD_n6GuECvSzuhnjbCVOvhcXZ0QRnx1elfWf-I4OjrLNeDwG6_h2bjz4HmvXKG93QI4BA%3D%3D&xkcb=SoAs6_M3F0HclVwd5p0MbzkdCdPP&continueUrl=%2Fjobs%3Fsc%3D0kf%253Ajt%2528contract%2529%253B%26q%3DData%2BAnalyst%26page%3D90,Contract,2024-02-02 11:51:14,Hybrid/On Site
Kforce,$40.00 - $44.00 a Hourly,2024-02-02T00:21:14Z,Business Analyst,"Orlando, FL 32819",00a603cf61a2f70d,https://www.indeed.com/viewjob?jk=00a603cf61a2f70d&from=vjs&tk=1hlk7kqarip8t802&viewtype=embedded&advn=253019782202538&adid=380630471&ad=-6NYlbfkN0C5IatSLh_Ak1q39eQQoPIxD737RW9NeiYGvIRXkrLjEBkC4LI6KweF8V4ozHZ8DEaY0tCBUUFgiLvMLQ7vg2n1SVryhe9mCCEi-lKBkmbffa5wrP0e170S8lJA7UlprfnlZW0oOLAZSx0AW6LvAqF7LhBof48sXOTH7V1vB7d-Nau4Ck7M0fotBoAdadi6hzMFrBvFDFvdHhA8WDOIZVyqhm31ROPzvW6LtWrVAHu4Asngb0K3AimyQXSY40GoYFaKLMvcF2lpXrZtISeVT48WXpKH0S_nkjJIq6y2pw3AV7lx9pyPXVhAFY4o5LgdbkOa0bP0OvbiR8InX6-2d3gLxCG-2TrVhHveGJHC9MYzFKRz0pgOMN3S88hzSUk8gqOSDRn2QnGp9xb2q_8xP7D6JIvhLgSwpSAjSy4-HMelB9_4MOuBt3dCvKFNhBSWRKBVcm44pvNnP2meWQsBTjUJG-3Z63rGZ4fh0LuUAwStZpKOektY9-uS7XHviM1K1U5K10GtdXMWnjOeeC1CQ5xX3CL_Vem_Eg8ClPC7YKyc73Ac8in5hLGk3erQ1NgNEo8lWKpD82C5M8t_VbYv3al9S39ZgZwvXDuqisq2E0DnbaQJz7l3CCu2MgZjd-sNQMa5cP14N5UR8RLhuu0roVNjOResZCchYLETUicUWccZT4UPYsoJ-s6mkhk8RNk7zhmxABy2qCdSYY6y-S4KwPprAaMvffHBhN4%3D&xkcb=SoDF6_M3F0HclVwd5p0DbzkdCdPP&continueUrl=%2Fjobs%3Fsc%3D0kf%253Ajt%2528contract%2529%253B%26q%3DData%2BAnalyst%26page%3D90,Contract,2024-02-02 11:51:14,Hybrid/On Site
"Ursus, Inc.",$46.00 - $52.00 a Hourly,2024-02-02T00:21:14Z,Business Analyst 3,"Austin, TX",daa13ca952db590f,https://www.indeed.com/viewjob?jk=daa13ca952db590f&from=vjs&tk=1hlk7kqarip8t802&viewtype=embedded&advn=2388121504373793&adid=385227837&ad=-6NYlbfkN0CT8vBT9H5mqECx2dfLV_FONLPDKpIRssxVwtj05Tmm4rA5I0VNOPdM1oYsK66ov5rvZTJO997XWWliEX2UHwFd5Em1VOci0r1Bk9CD0xVYBJ9s6dy54IQcmpCkVusYFWzW8e7H_zGkrJiUsK85qmx2ZcsLeXtY6xNwM1xVLW4PuF0urWOVl2WhQBGeL22YAIJl_MXnXyCmq2QtxUGYl7xrJQFbAwTMJl_jPP6Eu4vG5eoNxlYVRaZwgB5IoNRdrEqTR0zaa5dpu8PXPRBKPFwOfHDDNFRgYmrQA027-0kjpLX2up-PMgpqfqbktN-RhAy27KdHh5HSVjZ33mfqet5WQWcjgI_apDOw9n8Whn2DhRYTWvygdskiO69nUWo_MMSXpjHHhRcKYNkqTUF45cH-us6FxbqJWDLKLOVOFKYGqJ1G_jDmxjQzdAalngJT2cOds7Tgi2cx1dYwK_Kaj1m51HgYfa0ANt47d5_4CUp4oqGyOF3C2CaL_HjmH8xWmkfnCit_wBIqclSalTbM7jlVMbWLiTrk5ZQK4fWJa4uu1whyM0CP5PARkMrRw9PXM9XnU15SIKqEmf8P0gvOEHStq9n6FNaBt795XKhx01qY5i0XdnB9duVXACmgqbGmPAnrdm49U1pVUYIQn8q0gxXOjSSGVAXvo9Q6QsoZW3Dw_GrxLJHHcJxENt_ATgh4aTz9-cad2pjoeGQE2zpolHDW_nnO7STEX4ijOhIg1sA5Q5u2bvzze2q8ouPFhwdgTBEo53lG-KQ_f5FJQdfslc-YB6tvzKt09BoHhfbXA1LmIQJW61UlHiRioB9NCkxLnkdYYWeGsCC5EyGnLzrYnSKk5pPXa1syupkL1MdH6lISXMctbS8uqLk9N695RahB0N3TA_HY8bvN8ByJJkm-l5ukkiO89_tLSYakeJMyHbhwpiIuWf4h4E988jbTIScIYID1jA1kzTOhXRsrnSkVrI62YtknatYNwPwZ9FpLZgdf6hjTbl5EIz_NJdD8HavIMn578hxvKQrF4xC5KI4eW4AnieNTM1tFfyJmeG6gfQ5cek7pzt_fIryC03dJRz7MYiVOcTRPuI5ds1H1XOuA4gB7ltC65kWWtKQ_OxTLlTSh-Q0CqZy95dxztYXtp6hrP30%3D&xkcb=SoBx6_M3F0HclVwd5p0CbzkdCdPP&continueUrl=%2Fjobs%3Fsc%3D0kf%253Ajt%2528contract%2529%253B%26q%3DData%2BAnalyst%26page%3D90,Contract,2024-02-02 11:51:14,Hybrid/On Site
Kforce,$35.00 - $45.00 a Hourly,2024-02-02T00:21:14Z,Business Analyst,"Coral Gables, FL 33146",9c9aed9dcc69d058,https://www.indeed.com/viewjob?jk=9c9aed9dcc69d058&from=vjs&tk=1hlk7kqarip8t802&viewtype=embedded&advn=253019782202538&adid=380630092&ad=-6NYlbfkN0C5IatSLh_Ak1q39eQQoPIxD737RW9NeiYGvIRXkrLjEBkC4LI6KweF0vk9JRHgKW9cdtzxWdAlCHqaQtzICWiI6yNNzt-hn5iz_VBEQZYnDUFu0f3sc7gox5oOgcVgiyCaQgZBg6zJPkiGCfJI9r0uuxHZD-F7XVql85O3P_v-IP1L8STJZioOHKUX6oNHjxP-xPHsOq0q1Nkh9rabNr0714-035Nm-5OsD3MJD3fDHzqNmUhouQIeXsw2m9TqxrqidizMzdFmbE4wrJgOl83vq_MmB7LEFVoZ3tguZ1hOOF15JEdv93cHKVDP4j15sYQw05dc-lhwBigtEohys0jexN-IE7hief7CqXEeN7zqgXUCMGb72g3y0NLi4qr8DphINkJ7MFcQVFs6a2uzcKQ6OkO6H-U3n63jXmprLY-sBrz2OkgfwMdCNtlD2MAKYw6gg8wtJ1w0o98bjA534irwNqnSN72Kc44MukJavetCWzGgsT8SG0u0mqy4PoaUFKPgv9NhxcGrqU_z5yNW8LmsThATBgiRofPU6XDtONm9-Z7_zEg-i-cz3NxwNzFnszcHjixRm4MeICEeVuVl9akevALItyw9cTpGDmEU4dUQ9QOWjBYESbhMK8Euf0fZwF23cvlhuQoMmwtsI1hJqakFLfjNqL-F1bFj5TUvsicRzCsX0thyLf3jXwEH05PI_wsXsLzbe-d-byKP-NRcOKJNgQlTSJ-9zjE%3D&xkcb=SoDs6_M3F0HclVwd5p0BbzkdCdPP&continueUrl=%2Fjobs%3Fsc%3D0kf%253Ajt%2528contract%2529%253B%26q%3DData%2BAnalyst%26page%3D90,Contract,2024-02-02 11:51:14,Hybrid/On Site
Robert Half,$41.16 - $47.66 a Hourly,2024-02-02T00:21:14Z,Business Analyst,"New York, NY 10281",6dc105f9b4e2538e,https://www.indeed.com/viewjob?jk=6dc105f9b4e2538e&from=vjs&tk=1hlk7kqarip8t802&viewtype=embedded&advn=808876208185647&adid=413460510&ad=-6NYlbfkN0CpzDdaQkua3np5pkmj49lKioZwmwxQ-yx5plwbYmV_MyI0uk1UHi_yQy0eCRMAGFd8ND8uegGHaWhKj9z-PBgz2RqAEi6icjddHrivz1mOw30gX0Ll_ET1w8BpKfl-BwOwe8qaFu7CX4kYq1_y2oDsjx0xB6A-Qxu6hjGnbFHRZAlK6mCsUaham5j6PskG67V59p0Vld5oBfCjZdL_f4S38rQb67MHPmXB3o_8w67tckqZRqVn_2vlTc1MEGNFXWzkFFhHGy6EJ9SUMd27KTv3RnDQPd6U458bUNT3gDYufuZA3HtvZRVz5q3CLDAD_N605POe60YnDHYR5R3Yeu8V4mKfcTMjreGpHC23PD66DjCEgvRhxJul4WXncNzroThAeNC2c-vYa6Q1Uh-4iRh9wiY1XfGpPnb-LjZ1x3bPxitNDIJ25PvJGcKAgQ11b3OoSfCSCm1I74zJw4Ejs4yU-_iIb81NC2IU_PqpzI35g4r5lfKshxTcU8a1QekChL3EIYetz9Nd7_CFeHmKK8IWXlZCwOJ0noWSWRIAAAVwzEE7PxmkqSVd-0ppu2wEnv0kl_k6uDqDlLBj2vlZw20NR7m7Nl6a2eGYGR2TvOUvvk7I0D8Hef3fIjjn7OFweZueOs0nSg9Zgpz28VJVa4o2qC5XZblP6Zp_QcXmXAdL4UCwmz6PNJKy2Lzj2_7QIaA%3D&xkcb=SoDW6_M3F0HclVwd5p0HbzkdCdPP&continueUrl=%2Fjobs%3Fsc%3D0kf%253Ajt%2528contract%2529%253B%26q%3DData%2BAnalyst%26page%3D90,Temporary,2024-02-02 11:51:14,Hybrid/On Site
Talent Space Inc,$55.00 - $62.00 a Hourly,2024-02-02T00:21:24Z,"Sr. Analyst, HR Data Quality","Boston, MA 02210",2359ded7d1009d37,https://www.indeed.com/viewjob?jk=2359ded7d1009d37&from=vjs&tk=1hlk7l2u62guf001&viewtype=embedded&advn=9392945593302083&adid=425880500&ad=-6NYlbfkN0BOEstObOQD_ogjKDbW5-Rezlx5r_kqSXxr2dm5zbHa8iGTLCCvVwWR6LRWInsdFNazuFYTWgUbCxXrOChUpJqtv1Dk7aM-ViygiCrBFHN-CfUohmsIctxm2And_oOtbhzDK0VfZweVphdcS47Avtb2WMqm4dNm--uLg4DYKiM9dpWGyNgfTd3w-01jBBUsOjNhxYFP5gucVdCGGqmhmq_aBxnmJeB_P6kNupp4oj14Nv6ED4fgYnSJPL2V9UYzWruNpue4ULdPGjXNA86Rgil1ekyAV-iVnOph32boscHZyslFIgwKF9kiN-NzRNuJwn46NE7F-aDpF9IRrKNMqj23x0SQUOn846HZUlYKlsQmcmQeETqQHDg1OvOgbxNql8FP9yvUKNbAvUYX6hHn9OCylp-FDdFxzJm9GwoMzhTsldMccwGdGEdHkI8TJw6S5xP1N2_fQcrT4QnDImOHTKJkYmCDoWsntWZWVkk4QwLTjZiHYKONO19fojgf5ki6ntvOMcGSKRPLzTAhyrNVnp3CPcjilmSIl8sEYwHTsoyN-uEiMX0jpUaxSEqCb761SnuNDqQ37rwQ8ETTlUzo5Sow_o6qyra-DV21i_T_-4v0F5rI768X-SU_&xkcb=SoBz6_M3F0HbukgFT70KbzkdCdPP&continueUrl=%2Fjobs%3Fsc%3D0kf%253Ajt%2528contract%2529%253B%26q%3DData%2BAnalyst%26page%3D100,Contract,2024-02-02 11:51:24,Hybrid/On Site
Matlen Silver,$53.00 - $56.00 a Hourly,2024-02-02T00:21:24Z,Business / Data Analyst (Charlotte),"Charlotte, NC",f42bc648520be2b9,https://www.indeed.com/viewjob?jk=f42bc648520be2b9&from=vjs&tk=1hlk7l2u62guf001&viewtype=embedded&advn=4135644983616158&adid=361236196&ad=-6NYlbfkN0ADTliTSg4K3aDxe8vkHVVj5ml6bx8ND6Ab8oliGx3AtQak9O875La2bFZ7Jqdg5u2t5ENWG2V6G21uOOrKcHf3Ys0s-jQRzlcPWX0y7KV8kh1hhvGucsuGqKybNNZxXLjfvIITCfj1rJe_0UMny62dUziEenz_xZHOletLTE1lzvVNIWNWMrGg5ponLxNSweSiYG3DCoyXFJgR6n1J0atdutM_Dd4Btjcp3YxS3yqOScwk_OiVlgdFTuqQsM_49hPMOfayoFeZ2fS3dY_x-Rh2tItTO3BF9TKNCB-D3nS4iWbcY2REQbIZmLnuk8JvYAXaEcgBaLwPke53iZ8eKjuKwtXulT-YWYvPL5lwylLKONNQTV92MbOgJv-FMrmdOXuabsRK9SAnR87P22RzFbnaLog4Ls7InZG3yKGLD2EaI8QTZPT9nAKLAUU4YQsW7VPuDIe40YAs511toEzLa8fhjPxkua_lejetVRfU4yEQfzWzjXRInQMJrToXf8e9i37Sr3vLj23UcTW_8QiixgHXYKH3rKiZgFUryELsbJv2_quNOxO9fH-zY5w-lrMNOtxWDKzNrWZ-lDf4ZETagchWGf7UmsLsdq8%3D&xkcb=SoDu6_M3F0HbukgFT70JbzkdCdPP&continueUrl=%2Fjobs%3Fsc%3D0kf%253Ajt%2528contract%2529%253B%26q%3DData%2BAnalyst%26page%3D100,Contract,2024-02-02 11:51:24,Hybrid/On Site
Sapere Labs Pvt Ltd,$25.00 - $-1.00 a Hourly,2024-02-02T00:21:24Z,Research Analyst 1 - 4,"Rockville, MD 20850",f573ecb8aca5bf7f,https://www.indeed.com/viewjob?jk=f573ecb8aca5bf7f&from=vjs&tk=1hlk7l2u62guf001&viewtype=embedded&advn=7065445486603646&adid=420239764&ad=-6NYlbfkN0DENkZ2NYOzVvNIR6yPuY36-rDGKkIAEuC2nT6fcLs3wokTyWxycVug9LJWEwjwfdHNWbDc5OVl2brZjB9-f8KGtuPObXcSqPYB3Mhm5qOqKL4G7EXKqjnpAKkEVTfP1Ho8S9MqFlSA8CMMlwGQjC9gPlOpOK7w-yNpdP0v93DFBg9sSm8E2und4W8wAjiAmtEIqu83lmLI0M-KKVNKf3qujWBzR9ZwaXYGPC56tEn4HDf2uTpqhPz5vOhRJ-1MfpYCBxBC_gohXJFYghedJPdXa8ZvdZFxHsGT9DaXuGuuko5Dnhbm6wJPwUkN3JEI4SqyMmYnIJW54S-kiXWAX4cWKONqNXCutoV5p4k6l_Pp2eMXtxUxObQWy3hr1Dr2Kg2JcCGv6MgBFIrtXgYdrPRgXjxrHYR1la441fq9kKhXmH6ai6Urd85ykxb5dG7ZFloH2nuNanZcG_ot_zIFREowPFSB9Hqw-puQbqOmzJ1BWBTcz1xW5y7m7cFb_1Sv6sVjojOzglCcvRMNGFUhGfUb8pNu8h8YBF9xcyP-BIFZE_Qk9NgRoNBDx7IRu_RAmKg5eDP4N0iOXpLnYSeUdbdmQKk0VVbPBeZXVUeTYsE92j57czKIomPlIFrWWHtDKhc%3D&xkcb=SoBa6_M3F0HbukgFT70IbzkdCdPP&continueUrl=%2Fjobs%3Fsc%3D0kf%253Ajt%2528contract%2529%253B%26q%3DData%2BAnalyst%26page%3D100,Contract,2024-02-02 11:51:24,Hybrid/On Site
Leadstack Inc,$40.00 - $50.00 a Hourly,2024-02-02T00:21:24Z,Data Analyst,"Sunnyvale, CA 94086",131a8b1b111eff14,https://www.indeed.com/viewjob?jk=131a8b1b111eff14&from=vjs&tk=1hlk7l2u62guf001&viewtype=embedded&xkcb=SoAg67M3F0HbukgFT70PbzkdCdPP&continueUrl=%2Fjobs%3Fsc%3D0kf%253Ajt%2528contract%2529%253B%26q%3DData%2BAnalyst%26page%3D100,Contract,2024-02-02 11:51:24,Hybrid/On Site
Openmind Technologies,$60.00 - $70.00 a Hourly,2024-02-02T00:21:24Z,Data Analyst,Remote,c7888927e03bab76,https://www.indeed.com/viewjob?jk=c7888927e03bab76&from=vjs&tk=1hlk7l2u62guf001&viewtype=embedded&xkcb=SoAJ67M3F0HbukgFT70NbzkdCdPP&continueUrl=%2Fjobs%3Fsc%3D0kf%253Ajt%2528contract%2529%253B%26q%3DData%2BAnalyst%26page%3D100,Contract,2024-02-02 11:51:24,Remote
iSpeed Group llc,"$74,465.00 - $80,906.00 a Yearly",2024-02-02T00:21:24Z,Data Analyst,Remote,1de8a92497457ed4,https://www.indeed.com/viewjob?jk=1de8a92497457ed4&from=vjs&tk=1hlk7l2u62guf001&viewtype=embedded&xkcb=SoC967M3F0HbukgFT70MbzkdCdPP&continueUrl=%2Fjobs%3Fsc%3D0kf%253Ajt%2528contract%2529%253B%26q%3DData%2BAnalyst%26page%3D100,Part-time,2024-02-02 11:51:24,Remote
Infoorigin inc,$27.12 - $61.00 a Hourly,2024-02-02T00:21:24Z,Data Analyst,"Richmond, VA",bfa72a7135a75fa0,https://www.indeed.com/viewjob?jk=bfa72a7135a75fa0&from=vjs&tk=1hlk7l2u62guf001&viewtype=embedded&xkcb=SoBU67M3F0HbukgFT70DbzkdCdPP&continueUrl=%2Fjobs%3Fsc%3D0kf%253Ajt%2528contract%2529%253B%26q%3DData%2BAnalyst%26page%3D100,Contract,2024-02-02 11:51:24,Hybrid/On Site
cloud resources,"$48,723.91 - $113,131.48 a Yearly",2024-02-02T00:21:24Z,Data Analyst,Remote,6d462b18394e6091,https://www.indeed.com/viewjob?jk=6d462b18394e6091&from=vjs&tk=1hlk7l2u62guf001&viewtype=embedded&xkcb=SoDg67M3F0HbukgFT70CbzkdCdPP&continueUrl=%2Fjobs%3Fsc%3D0kf%253Ajt%2528contract%2529%253B%26q%3DData%2BAnalyst%26page%3D100,Contract,2024-02-02 11:51:24,Remote
Venn Health Partners,"$80,000.00 - $90,000.00 a Yearly",2024-02-02T00:21:24Z,Business Analyst,"New York, NY 10016",464f30b6eb4ab31e,https://www.indeed.com/viewjob?jk=464f30b6eb4ab31e&from=vjs&tk=1hlk7l2u62guf001&viewtype=embedded&xkcb=SoDJ67M3F0HbukgFT70AbzkdCdPP&continueUrl=%2Fjobs%3Fsc%3D0kf%253Ajt%2528contract%2529%253B%26q%3DData%2BAnalyst%26page%3D100,Contract,2024-02-02 11:51:24,Hybrid/On Site
Wells Fargo,,2024-02-02T00:21:24Z,Data Analyst (contract),"Charlotte, NC",82f1543c12a57ddf,https://www.indeed.com/viewjob?jk=82f1543c12a57ddf&from=vjs&tk=1hlk7l2u62guf001&viewtype=embedded&xkcb=SoDz67M3F0HbukgFT70GbzkdCdPP&continueUrl=%2Fjobs%3Fsc%3D0kf%253Ajt%2528contract%2529%253B%26q%3DData%2BAnalyst%26page%3D100,Contract,2024-02-02 11:51:24,Hybrid/On Site
Tandym Group,"$101,399.60 - $128,394.49 a Yearly",2024-02-02T00:21:24Z,Data Analyst,"Fairfax County, VA",5cd5c46747585653,https://www.indeed.com/viewjob?jk=5cd5c46747585653&from=vjs&tk=1hlk7l2u62guf001&viewtype=embedded&advn=7821221104656551&adid=424031788&ad=-6NYlbfkN0B-PqtJkJBxcFK4No1YgA2WlSENonneqf6KVAvcQVzPTo87GEX8h2HTvvlv5rgS7Opo2YmPWJCbkI8_xtn0kpo4__FQy4OC7XlMNLRf8fVsTfqdNgwn3Ll2oMm4xA4snILL6cTVZ8KaZTzL-A7WXEwCBRkM44iRUQphlrS0kePjnpPigXb4696t17S3jDv4dD48HxdvDtLInDpDHvuRh8cnqNY4TMljB95gZzPM96xxh5ZcSR_FPonIr_OwxhPECQRB44NtEeyd6ydA_XdMgiL5VffF8OelUhvVgPNmLgiPUqh84nnaoiu4VAvCqaLPS-vV9Hhm70VSTlOzy8xOkv5k7fNiH8BPF6cNN4RKsUvb_cKDNKBiDDEnIfYz3S7J8GVTNf71Ln2C7JlUZXOKrbv0b6-twdO4m4lSxxoSuUhf7iWSYjrKUCguEVFqURC_FLQS-3YcyMz6VFKAAlcWWn-8j38rq9FvA4iuqd2k39PXYnCxKZrCWH1PJ5TCD6DVFxsXWA9v6sBF-fPTk3vx4xMetYWCdLU2IjkST2D50Tou0GuU8qsa9H47lC-yktcf1JKtCsThSjksBAXViGQGVJsEGGSH0vPbnsPPNrpM_OipUYsHVW8lWbSHjnlRyq1Ox-R8E1rf2PVruooqf9xLjcaRC4BbNMVghJyscfeHAVfMu3ROHkbt37KIH3h8gyNCh15MUbaHpMzUTvM_nLwe1zKl9zh8icB7C4M%3D&xkcb=SoCa6_M3F0HbukgFT70FbzkdCdPP&continueUrl=%2Fjobs%3Fsc%3D0kf%253Ajt%2528contract%2529%253B%26q%3DData%2BAnalyst%26page%3D100,Contract,2024-02-02 11:51:24,Hybrid/On Site
Donnelly & Moore Corporation,$75.00 - $-1.00 a Hourly,2024-02-02T00:21:35Z,Business Analyst,"Brooklyn, NY 11201",a5003989f3537f37,https://www.indeed.com/viewjob?jk=a5003989f3537f37&from=vjs&tk=1hlk7lc50ip8t804&viewtype=embedded&advn=6425968844149449&adid=420239584&ad=-6NYlbfkN0DAOc8tLk0mIom9N5jmJmlgqF5LKcwOQU9jeBmjvGjWXS2E9rhJMa_Z7ipVqzHklT5s-2snDgIkEOctVDLqHORwN5boq_ymYZFRzeuA5Vs6C1FI1a_ajjzXIn_Px334SpWpD0wh-XfgJVWKdRO9yDwcz6EaeQN1R6x08Vso1VD4pIoMNMHkCOxPuMHYl7uX9dRn-a3R8j6gcMqf4TNu-oDL2Iw_iYeFcXN8-1aig-vZs5j-AKqA2cLONAFWb3SPPM8GErjx4emto2NaoVxHbtwpBrT82--DbwktdFILynGqmeatf0k6lsVKzaSgCKVdipc-0KSyXQO7GjHAktAMnWkeppy7Zmo2pW3sG1sFpyUK1PtWGp6os-FsW7x19fGRyOIavpOkBs73vPqrjjzRkUgRpqcAk8IUoMSuBvgYrh8Nn_LsvmMvKkCpKNaeCzhlvszbbk-OQ-oBAsYOsQzWd4WcHDOf1GYtSDTgupNJCkjBgZadbJgTfYBG9uQfW8GpLDw_2coAbTSvXYZIfQQmucTHbZjbumc3hbYuF6ge9DI0R3aKm2MJVF4BOngvHlV1iy2g-cGfYQcbsU3aJ6KncZ0hF9DSkMdcNQ5HweDHNQmjn4MvpBWIVjV8&xkcb=SoBX6_M3F0HaU0AAi70JbzkdCdPP&continueUrl=%2Fjobs%3Fsc%3D0kf%253Ajt%2528contract%2529%253B%26q%3DData%2BAnalyst%26page%3D110,Contract,2024-02-02 11:51:35,Hybrid/On Site
Robert Half,$25.00 - $30.00 a Hourly,2024-02-02T00:21:35Z,Data Analyst/IT Support Analyst,"Tampa, FL 33610",166dd352657b535d,https://www.indeed.com/viewjob?jk=166dd352657b535d&from=vjs&tk=1hlk7lc50ip8t804&viewtype=embedded&advn=808876208185647&adid=413460512&ad=-6NYlbfkN0CpzDdaQkua3np5pkmj49lKioZwmwxQ-yx5plwbYmV_MyI0uk1UHi_yWnaIEC-YRs-PBBY5yoj4MMiu0Ot0r5-MBRScloT6lQd4JFzwX4U7cEeniIV1SqGHiiwLxfxfzq34GvrAP_nCiACRQubPveBcjb_hfPSVPGn1JGIBjXoJZHvM11Qv78_qLb1XNe3DnD8v_ueVPetUqD2PwS-ywKGCUpsoazG_HO0dUcU-9dU7aiY-D8ZNpODnM-x_oQut2DdYEgsyNR9X7Yt4K9cwKh3Cu-1ps4QEX14Qi_CuIQY9e_jc9OcJrHamhWK0di5KjFjN8MKI-ZOYGesh_29CWRlIt9Zt9m17RS6dPaNNoANDXkC_FLhg8B6WzDayCFlokZnc0C9tvhI79j52WjPKeVHBa0_Hk3De1dGgvtqUBe3EGqFYdVXTATA17oyZArQEBoykgphJKO7Ak6LeOaovtvQ3EHW68uw8QyHzbxVrqAAEh13tVuHFmpAC2AwnbJfiDKiJGKHIKDpO4hnpVdn8gc0bit_Xeh-eJ47PcMMms-ZJD3SO5gHgbZYqDGbmJyyh1F2gBjqmsGUxIpjhuYsBb19z4cG8ctqtz5tpNoR06PVPxqFk08U3mWorZsJGPxPc0ixdqFb_IzXqlNH5N9ImCwHp7qZ9KNFd-j6pXxjbEj1XD6LylTA-PeaP0CCtgsTiPgCEZse-1vsDznc9Htfrf0QD&xkcb=SoDj6_M3F0HaU0AAi70IbzkdCdPP&continueUrl=%2Fjobs%3Fsc%3D0kf%253Ajt%2528contract%2529%253B%26q%3DData%2BAnalyst%26page%3D110,Temporary,2024-02-02 11:51:35,Hybrid/On Site
Robert Half,,2024-02-02T00:21:35Z,Business Analyst - Business Intelligence,"New York, NY 10007",0a22cba14afdd505,https://www.indeed.com/viewjob?jk=0a22cba14afdd505&from=vjs&tk=1hlk7lc50ip8t804&viewtype=embedded&advn=808876208185647&adid=413460510&ad=-6NYlbfkN0CpzDdaQkua3np5pkmj49lKioZwmwxQ-yx5plwbYmV_MyI0uk1UHi_yQy0eCRMAGFeGF-wCpty-Ee23I8tVUpkYu_rEdNL90LNjzbG7Sh4c_eIevwofXVCFVnA00EWpbDYcha31LX3TkpV-A1UhQYJOLi4FyJSs8OAQam67GsCR5D-W6VLJ4bivM5Bj27K4r2Mmnr9hSu5H1STZVt-p4g9CPPnweCKP6N32QAiOYV6kvEh4WE3ubE-emlyyonunmnnJ17LjmESjUdf_xrSlCtOyyYAvMUXNKYzvkkegP-dO7QSl1FjjGwry28mMCyrNl1tBj0Yx8YaxBtBihhzt6IAIslwwLpwZutLQbKmxTfoK7c8AYhZiMlEb34CaQ7_2q3yNhWvN4cVfiT2zZ5VPLkXgqtoN56NjrjDbGaEDIKRz0Go8TXNdQrj67h5swWP9tiSIPPIxpW8rARIlYNW7TTDgYpd6MDKRINR0ItILUOA4eSYAOcHPG6eojih53PaYWtj_xFxIsWwKhAM7QN59xNoSMZuBuzA8tr62s1r36QoFSEe31rmNv3HX5P766CHOwtnumTIEOlBtlnvFt42u4FiD4DjGlRgE_u1N03351AirlXQEFp553l5CtBd1BWa9RoFOvlh1sAXt9UOWOp7gmRR1GnVt-kKxoGRD8CF-Vmm05IASYK2vRffWcPqLwbjqlCh0dd7YrrkwVqS8H0MaLJ6q&xkcb=SoBt6_M3F0HaU0AAi70PbzkdCdPP&continueUrl=%2Fjobs%3Fsc%3D0kf%253Ajt%2528contract%2529%253B%26q%3DData%2BAnalyst%26page%3D110,Temporary,2024-02-02 11:51:35,Hybrid/On Site
Robert Half,$35.63 - $41.25 a Hourly,2024-02-02T00:21:35Z,Data Analyst,"Detroit, MI 48209",3d0370ce10eed659,https://www.indeed.com/viewjob?jk=3d0370ce10eed659&from=vjs&tk=1hlk7lc50ip8t804&viewtype=embedded&advn=808876208185647&adid=413460502&ad=-6NYlbfkN0CpzDdaQkua3np5pkmj49lKioZwmwxQ-yx5plwbYmV_M1zEVPt0O_TSZV9cNMBPIafLUX28M9dU9xItPx9Ocmmm25v_QPMYMfV6plUWdtOFWAX-Abjr-iHN2KYt6sVUkZDMnKsxiTOVwTzy7KgNB6goajKX3S8L5J9NAKvfuXpUVv7cdCgBaYMFKf7iz5uLppbr-1rSP2syKelM7_TOLGabzWSaSh9UW0sOTUivFDvWX5YSXR1RB8J3h6WaeYyS0R-Ah_wImCoEN2ZNNH79JrYsznanrvAI0XEPd3RN9bloddGAZKI4QfecApxaVVpGPqUl2XkHe01jFZtcIctyuq26i0fZOf5WJFAjL8ws4Bdx5RqnrSWqAuHb2W0HsXRQasZlmXl7iVCUUbU1LPEmbmFnmXgpyAZlvrnV9MjDsnjdnnsYs8JC8GMrXCmvdknTbIo1XGEogcInebAXj_vl8VgRLYAfscD6sn06S3OiVpxiqtUWB8X2h3F1DrzktkIi5AoBBJY9HOHmjnrJwRfnwvt94023ZKU5qB24Vw0z28FH7X2qKaqoXu3-a-XS0f5GEmItzNiFNJpO2r7fL_Exs5uE0kRf5h86VlXIFA8lKoEhZd771c8Cw39tcsyDf403WFQ4T1WcYXGws_JUlRkx3QEYHRskH5rZx_O3sF2G4foLVsBONEz_bCjK&xkcb=SoDZ6_M3F0HaU0AAi70ObzkdCdPP&continueUrl=%2Fjobs%3Fsc%3D0kf%253Ajt%2528contract%2529%253B%26q%3DData%2BAnalyst%26page%3D110,Temporary,2024-02-02 11:51:35,Hybrid/On Site
Kforce,$45.00 - $55.00 a Hourly,2024-02-02T00:21:35Z,Technical Business Analyst,"Ogden, UT 84405",ae1aa15db4cc0836,https://www.indeed.com/viewjob?jk=ae1aa15db4cc0836&from=vjs&tk=1hlk7lc50ip8t804&viewtype=embedded&advn=253019782202538&adid=380630471&ad=-6NYlbfkN0C5IatSLh_Ak1q39eQQoPIxD737RW9NeiYGvIRXkrLjEBkC4LI6KweF8V4ozHZ8DEambiA4xpW4rfCL_tRkO1kK3KDLc8ygmrl8Y0lCjLd8i9MmrhIvKXs0MHyEQYqImoi-_5HTLjv_YmGaMj5pCEa-SwQ4hSmHZydNCu08H0AEV9EMPM7EAejR9tv7UXGFoGkXvwnAsfjeCshxfNL4Ohg8G0CBvTAKX4nNQQ_IazAoSr7BsEL-V4JiB-YGAkHvuGb8etG_WlpWE1dAZjeyLRdoCi2ILl4kcPErPaVvUzV9j4FFVFTTU278eZQ3ht79sQGhMctLilcJOYRwg3TMMEZ966wHbxGx5Y2Vdg6LSFKWnToomXDHnEUgvLFQmyMUmKc6krXdjO23deILrrRsZHQh-dnkTIjgGtZFwDzKMkV9gLmew_ujWJDaYvfKhD1JGo7xk2JTWHZVmR38JuN0Vr_FRqsKWOvB3_pyxi33v5-buKusdsTIUV1Htew-OWatUrIBn100mjFxW5yjevvuX9xhX_mHs1Nn7min9ZCxa7sr418WqT-vjPCI4n5qWBzQnXhq0FxGTCqtpC6G7kQeytwdN514KcBjoIOrDvcfHfggiV1N2B9qpCUYWhkGaWJiL5oSDcc6ussDRcM-0vLLqiiOQhOdCkfDymzf3hO_-jzH2SgdYIHczV-BVHgFMuAF6n1bkMl9eB97oTKcRpVchj5ziL0PrG7K17M%3D&xkcb=SoBE6_M3F0HaU0AAi70NbzkdCdPP&continueUrl=%2Fjobs%3Fsc%3D0kf%253Ajt%2528contract%2529%253B%26q%3DData%2BAnalyst%26page%3D110,Contract,2024-02-02 11:51:35,Hybrid/On Site
Kforce,$35.00 - $40.00 a Hourly,2024-02-02T00:21:35Z,IT Business Analyst,"Jupiter, FL 33478",758049668ec41d03,https://www.indeed.com/viewjob?jk=758049668ec41d03&from=vjs&tk=1hlk7lc50ip8t804&viewtype=embedded&advn=253019782202538&adid=380630471&ad=-6NYlbfkN0C5IatSLh_Ak1q39eQQoPIxD737RW9NeiYGvIRXkrLjEBkC4LI6KweF8V4ozHZ8DEambiA4xpW4rSYg2HbreqJnFZ-jR9AkpRflunRcdCIvOiVUgTt5Wx_Zb6uCqs1vC13z6bBbjH_eTjaHF5Bxs5zQipn9xCLTjJw6fTHXuA78SMwVOJG1bMRNiWGP3-dRUdCp1vzyo2OdWuMHnLVINMb_BiVwlsvBJmFAz4nwX0M1F7RTVC1d-9nyKflIcIVV-ACCPOuS4HUbfAlSS462k6hWUll6V4k4JGzEj7FL21ahPfb6kzeL2pVXP6p72Szw8RakSxwukDOpzcPPiKOtnFl8WDeLOaC73aYeZG_ddtkaM6wk_UuQwdY1SJ6aMvy_TWNdb43iTFkAa00gB6lyH5eNsRKkxwbvW1UMuCUuhzeARf4pAw5dUteJ6Efn8-zkL2ts2nQ6fDaVGv_85ExKk7Ye69AbvBWnTJOReO9GhjkaKLmyxupsD7noVTsqA2gJ8mfvu8R6ZqzTIeNshuSIEKEKpcQHxVmsuLTW5X8Kq973bjcAUFdfPVzxUQoA-2rovTX4xMrF_OV7cPgutyW9GHRWknhmnnIaENxDA6tt7QwS129RVCq0yyBiFrIIIj6gkmPl7zhx94F65dh3c-0h9Py7OgdA0xafeKJ6QPZ4Fw_6ulqq2q7R8uX6Qu9s7E0zk_rp_RswMrKqVyt0syEEbzZmfPV4IwSg-Oc%3D&xkcb=SoDw6_M3F0HaU0AAi70MbzkdCdPP&continueUrl=%2Fjobs%3Fsc%3D0kf%253Ajt%2528contract%2529%253B%26q%3DData%2BAnalyst%26page%3D110,Contract,2024-02-02 11:51:35,Hybrid/On Site
Advanced Neuro Connections Inc.,$70.00 - $75.00 a Hourly,2024-02-02T00:21:35Z,Job Posting: Board Certified Behavior Analyst (BCBA)  Contract Position,"Colorado Springs, CO 80922",005f569f34f03f7f,https://www.indeed.com/viewjob?jk=005f569f34f03f7f&from=vjs&tk=1hlk7lc50ip8t804&viewtype=embedded&advn=5905875247454010&adid=425419607&ad=-6NYlbfkN0DVTHoLk030T02ydJs7QdskeQnU6N51GFF1WpjeI1Y5QbRQUTXIVyOpcbZTCQPziDIQ8UhblEmG9NTvZ0DNdcBh67z8xaq7ptvEc16QAwXsJyW_kyr3iUEMMOnz8zTVNutiJnbUr-RQwlYxzr1JM5a49hTN-6gT_2mSQhyLGSgKb8ck4DlpBjaW_43qxD1OFg5CGcaK1FaPK0itUjxTBLv5AZGpRFXwMxMDpJ5kNHX7puR6GhYFI7wIBR8Ua6zSL4X6AXW-W3fzFqmx9BVzohmM4feY2k7Ljr-Cmt6K9YVUMJMu3iJw4rss9xFuBs9q8PTLeP_H2HsIee_U1N5RJgnQkyPcsolW9cUcK1NIpyPXzmXGLxYaLrmf7kToYJFLCQjB7tULU-likAkjM8eXFNv3zj9MUU6TRg3rbP83TnRuLm7aa7gg3WgOX3VgKzEp9VAjyTymoUqX5jhwRS_6K_t86euf0cIuEQ9s0_ql3NfCAuVOQZkBmN1zltYBbClirVZgb95Qw8djXH4lvZ0x8rY8Vxl64-WNKsub95tiVvn7GiwWIV_SCKsIcWp68H7KMTHgXBDsF4QcJji9jY__qeHJJbAqk5y6O8gWELnHGNCiDHG6vTEISsjaqVs2PtSfuRg_1isg_1v5aVaQRuWfZ5QuykRb6ApbZnIPSbJ9O_jPYA%3D%3D&xkcb=SoAZ6_M3F0HaU0AAi70DbzkdCdPP&continueUrl=%2Fjobs%3Fsc%3D0kf%253Ajt%2528contract%2529%253B%26q%3DData%2BAnalyst%26page%3D110,Contract,2024-02-02 11:51:35,Hybrid/On Site
TEKsystems,,2024-02-02T00:21:35Z,Application Development Analyst,"Tallahassee, FL 32301",7ed497ba3e782b4d,https://www.indeed.com/viewjob?jk=7ed497ba3e782b4d&from=vjs&tk=1hlk7lc50ip8t804&viewtype=embedded&advn=3221643616900566&adid=425824674&ad=-6NYlbfkN0AuKz8EBO1xHDEL7V2YF9xF3dC_I9B9i-Zw2Jh8clPMK02EZZItVJnB7idSifitIrOTvr2CzUeGiiu3VdCesu05u2iy9PmfxdHCvtN3i1wV63Z-ARMQEzrrqki4C3-BXQGvzNWmX030G86ohH50FUbSrrVfrBIDV-Hwm5WGtCj0Hrl6ihBrf885N5pFkHPJbnr3_t_2W_-7lc7EDtF1OomF-LJYgCSe55wGGGun-m6bcVYPBLGOymoU0XRtnB_kgdjjN9dBL1dltDgfzYaaYLCwmsSg1bXMytxpamqlXdbOVmhjBUF8VUkwyUGZ8gG_6len8dHnM_Rc6RWQHWDxZxPPbkUrvuLtkJLxHp5uFIK7_WEL6ZbHhRuVLm-zNuKyyDwXG2zWMYh1YM8gz7nG6OWV2hXL51i9V-cVCTtNNtP8qS9KNonk1--_z1s4AXAS61PVASq3Op2LqQsNjIMN5DhNAXA0mEAax6PtKZiob4rgbuxn7PsfxtpDN4hcy3GpdF9qn2FioeIT7CNOBxIp0LQyQOeEHfW9JTY68dceAuxTAsg0YE0ZhxO0-m0s38_rQdIzq8lok8jHUtWM6Nw92GEvjBlsOyU2FintG_HmPvOfKAv8JRqFA8yhldxXx3xmw_U-tKHGwYGsn6Ks2v50RJwufYvSfeZUux3xmpNP2AtXj6kTt49UWt6BFRP64ijHSgaXcLurSGwVlbGqat_UCYKKspf8afL2QpLS59cDyPBH0DEyJfeDUl5UEqOf1ioNPs_AXllKlQM6ztSIQ4Kb-tbBze75F1l8kck5oSCDapc3l5k1rKeylqbn2xLrlMkiTGfHcX4TbuYSLwf6bnW_E5EHeaq2lyPRL_FtR1CDvZ6pV6eliC-ApUmeNAfxS3sqDzhf3GI7IdzPWHK3WA64Pz1L_vT8430pd1XTaoOhe5xa33hFlB--9RDrwVuxm-TAzfpCI5hdFcLC9O60snjRv6VKRcnahmGnhecHCMocwx31xyZVdrKkF_bZSvw_bkiF1gO9sgTAa63i2fRkgFSq10sPkdWxV3M1nLh-a-Zm86G4zZPgwD14y7OkrcTxK19luoNoTi_cw2AuHVgBBw-4YEdto9I0P4_8SASY6ehHCoH7az0jdP2vA1na-aeIM9ft9oyxVhad-gkzNQ%3D%3D&xkcb=SoAw6_M3F0HaU0AAi70BbzkdCdPP&continueUrl=%2Fjobs%3Fsc%3D0kf%253Ajt%2528contract%2529%253B%26q%3DData%2BAnalyst%26page%3D110,Contract,2024-02-02 11:51:35,Hybrid/On Site
The Forum Group,$0.00 - $35.00 a Hourly,2024-02-02T00:21:35Z,Data Analyst,"New York, NY",f315fba2d5c50f57,https://www.indeed.com/viewjob?jk=f315fba2d5c50f57&from=vjs&tk=1hlk7lc50ip8t804&viewtype=embedded&advn=1870696524930358&adid=420245123&ad=-6NYlbfkN0AZW6raguTt8GHJNwffK-e9Yxe4teW1POkxz1ehGu-7QsGbLYyoXqVy4FCxh_BimK57y4uruzfgzEb7JutGovJWA_o9em91KDxWf506J6kWAvghxxI5eYxqJEEpnArK-k04MqSbRfKY7t_aHnQnKjfrccgq2rin-AmXRIE6ypJ9LqaK56Sx8rCSzi2j66jWXADxecvxy-3023ZuWm2KeR4KCZMgOupYniuq4_8qxxCgXqERna1BqyWE775StMm6i1AF_SdMmDjK_3OwkEJMnVIEgxGfCg02BtbiiShVarsXfxR1Qa7LilzS-_s9GCbDakuFfuUwislIFZyTLhuotrr3gCAcL9lSxrsseiByiw1ZGtKA5GnX91VeSg5yFt2SYgGVyOlxNUZS7hkyK3qzB_4ZJo7dyQcLDZ7DNivy0m3KDFUUKDDnOLCSz9uuU_0w2qgsY7yFevVsInsIkIYqNGat1o253bP6xTbhiOOBXLQR31ieoiAIY2zEvIvcGEF1FZ3ln7b-PTe9y_RI8std2nVYtQacFVXNeCdP9yU3u2CskWvjlz1G8QnNlTWUks4NA3Ho6iTIjB9PjbqdoU3kWMNLw-Hg7U_UXKUS4fUw8trsQ6t_iFID5dPr&xkcb=SoCE6_M3F0HaU0AAi70AbzkdCdPP&continueUrl=%2Fjobs%3Fsc%3D0kf%253Ajt%2528contract%2529%253B%26q%3DData%2BAnalyst%26page%3D110,Contract,2024-02-02 11:51:35,Hybrid/On Site
Leadstack Inc,$40.00 - $50.00 a Hourly,2024-02-02T00:21:35Z,Data Analyst,"Sunnyvale, CA 94086",131a8b1b111eff14,https://www.indeed.com/viewjob?jk=131a8b1b111eff14&from=vjs&tk=1hlk7lc50ip8t804&viewtype=embedded&xkcb=SoDX67M3F0HaU0AAi70FbzkdCdPP&continueUrl=%2Fjobs%3Fsc%3D0kf%253Ajt%2528contract%2529%253B%26q%3DData%2BAnalyst%26page%3D110,Contract,2024-02-02 11:51:35,Hybrid/On Site
Venn Health Partners,"$80,000.00 - $90,000.00 a Yearly",2024-02-02T00:21:35Z,Business Analyst,"New York, NY 10016",464f30b6eb4ab31e,https://www.indeed.com/viewjob?jk=464f30b6eb4ab31e&from=vjs&tk=1hlk7lc50ip8t804&viewtype=embedded&xkcb=SoBj67M3F0HaU0AAi70EbzkdCdPP&continueUrl=%2Fjobs%3Fsc%3D0kf%253Ajt%2528contract%2529%253B%26q%3DData%2BAnalyst%26page%3D110,Contract,2024-02-02 11:51:35,Hybrid/On Site
